Company,Website,Industry,Employees,Annual revenue,Total funding,Company phone,Company Address,Company country,Company founded date,Alter names,Managers,Addtional Contact Info,Company Social Urls,Category
FMG General Contracting Co Inc.,,,,,,(212) 974-8106,"65 West 55th StreetNEw York, NY 10019",,,[],"['Mr. Francis McGarrell, Owner']",{},{},['Home Improvement']
Sebly Construction Inc.,,,,,,(212) 223-7110,"510 Madison Avenue Room 304New York, NY 10022",,,[],"['Mr. Bruce Selby, Owner']",{},{},['Home Improvement']
"J.F. Hughes Builders, Inc.",,Corporation,,,,(917) 841-0289,"1 Rockefeller Plz Fl 11New York, NY 10020-2073",,10/5/2009,[],"['Mr. Brian Hughes, President']",{},{'Facebook': 'https://www.facebook.com/pages/category/Contractor/JF-Hughes-Builders-167056340316649/'},"['Home Builders', 'General Contractor', 'Home Improvement']"
"Vacant Home Solutions, LLC",http://www.vhomesolutions.com,Limited Liability Company (LLC),,,,(855) 822-2687,"1776 Broadway Suite 1400New York, NY 10019-2013",,2/1/2010,"['DHC Services, LLC']",[],"{'Fax Numbers': ['(212) 504-2697', '(917) 591-2269'], 'Phone Numbers': ['(917) 836-4460']}",{},"['Construction Management', 'Construction Services', 'Home Improvement']"
The Aragona Management Group I,,,,,,(212) 977-8828,"1780 BroadwayNew York, NY 10019",,1/1/1979,['Aragona Management Group Inc.'],"['Mr. Joel Aragona, Owner']",{'Fax Numbers': ['(212) 977-8499']},{},['Home Improvement']
SJ Kim's Tae Kwon,,,,,,(212) 397-6040,"1628 Broadway, Floor 2New York, NY 10019-7584",,,[],"['Mr. SJ Kim, Unknown']",{},{},['Home Improvement']
CSI Contracting,,,,,,(212) 768-8400,"5 West 46th StreetNew York, NY 10036",,,['C.S.I. Contracting'],"['Mr. Jeff Clevenger, Unknown']",{},{},['Home Improvement']
Michael Carpenter Building and Design,,Sole Proprietorship,,,,(917) 685-4102,"36 East 60th StreetNew York, NY 10022-1024",,1/1/2006,[],[],{},{},"['General Contractor', 'Home Improvement']"
Liberty Management & Construction Ltd.,,Corporation,,,,(212) 754-2400,"502 Park Ave.New York, NY 10022",,5/1/1987,['Liberty Fabrications Ltd.'],"['Mr. Allyn Ehrlich, President']",{'Phone Numbers': ['(212) 759-6181']},{},['Home Improvement']
Aames Building Construction Inc.,,,,,,(212) 888-3366,"123 East 54th Street Room 9FNew York, NY 10022",,,[],"['Mr. Raymond Cyrille, Owner']",{},{},['Home Improvement']
Painting & Damproofing,,,,,,(212) 586-3700,"250 West 54th Street, Ste. 800New York, NY 10019",,,['Masterpiece Painting & Waterproofing'],[],{},{},['Home Improvement']
Tim Murphy Construction Company Inc.,http://www.murphyconstructionco.com,,,,,(212) 247-8564,"300 West 55th Street-Ste.# 11ANew York, NY 10019",,1/1/1985,['Hammer & Murphy Handmade Furniture LLC'],"['Mr. Tim Murphy, Owner']",{'Phone Numbers': ['(917) 797-3596']},{},['Home Improvement']
"Efrain Jimenez Jr. General Contractor, Inc.",http://efrainjimeneznyc.com/,Sole Proprietorship,,,,(212) 918-0650,"555 5th Ave Fl 14New York, NY 10017-9257",,5/1/1997,[],"['Mr. Efrain Jimenez Jr., Owner']","{'Fax Numbers': ['(347) 542-3140'], 'Phone Numbers': ['(917) 939-8996']}",{},"['General Contractor', 'Home Improvement']"
Z&P Construciton Co. Inc.,,,,,,(212) 979-2890,"150 East 56th Street -Apt 5ENew York, NY 10022-3632",,,[],"['Mr. Zarko Jankovic, Owner']",{},{},['Home Improvement']
"Wildes, Inc.",,,,,,(212) 702-8706,"127 East 61st Street #4RNew York, NY 10021",,,[],"['Mr. Timothy R Wildes, Owner']",{},{},['Home Improvement']
"B&B Construction Of Green County, Inc.",,,,,,(212) 924-7650,"153 East 57th StreetNew York, NY 10022",,1/1/1989,[],"['Mr. Zarco Balac, Owner']",{'Fax Numbers': ['(212) 644-7488']},{},['Home Improvement']
St. Charles of New York,,,,,,(212) 838-2812,"150 East 58th StreetNew York, NY 10155-0002",,1/1/1990,[],"['Mr. Robert Schwartz, President']",{'Fax Numbers': ['(212) 308-4951']},{},['Home Improvement']
Construction 75 Inc.,,,,,,(212) 680-0897,"150 East 58th Street Suite 33FNEw York, NY 10022",,,[],"['Mr. David Reis, Owner']",{},{},['Home Improvement']
"American Classic Kitchens, Inc.",http://www.wood-mode.com,,,,,(212) 838-9308,"150 E 58th St Fl 9New York, NY 10155-0002",,1/1/1993,['Wood Mode Fine Custom Cabinetry'],"['Ms. Anna Mesaikos, President']","{'Fax Numbers': ['(212) 838-9318'], 'Website Addresses': ['http://www.wood-mode.com/showroom/american-classic-kitchens']}",{},['Home Improvement']
Leicht Kitchens,,,,,,(212) 308-9681,"150 East 58th StreetNew York, NY 10155",,,[],"['Mr. Brett Cohen, Manager']",{},{},['Home Improvement']
"Architectural Gothic Builders, Inc.",,,,,,(212) 754-1117,"377 West 57th StreetNew York, NY 10019",,,[],[],{'Fax Numbers': ['(718) 357-7949']},{},['Home Improvement']
Dezel Floors,,,,,,(212) 751-3005,"767 Lexington Avenue, #305New York, NY 10021",,,['Dezel Power Holding Corp.'],"['Mr. Lon Lieberman, Vice President']",{},{},['Home Improvement']
L&D Correa Maintenance and Solution Co.,,,,,,(718) 790-0397,"105 East 63rd Street, Apt 1CNew York, NY 10065-7328",,,[],[],{},{},['Home Improvement']
Webstores123,,Limited Liability Company (LLC),,,,(212) 257-6990,"Bellmore, NY 11710",,4/1/1999,[],[],{},{},['Home Improvement']
"Crown Builder's, Inc",,,,,,(212) 759-4421,"545 Madison Avenue- Ste.# 220New York, NY 10022",,,[],"['Mr. Michael Aylward, Owner']",{'Fax Numbers': ['(212) 759-4436']},{},['Home Improvement']
Omega Builders Inc.,,,,,,(718) 230-2506,"313 West 56th Street-Apt.# 4BNew York, NY 10022",,,[],"['Mr. George Kakoulakis, Owner']",{},{},['Home Improvement']
New York Renovations II Corp,http://www.renovationmetro.com,Corporation,,,,(212) 355-1166,"170 E 61st STNew York, NY 10065",,6/1/2004,['Renovation Metro'],"['Russell Pop, Owner']",{'Fax Numbers': ['(646) 415-8115']},{},"['Construction Services', 'Home Improvement']"
New York Renovations II Corp,http://www.renovationmetro.com,Corporation,,,,(212) 355-1166,"170 E 61st STNew York, NY 10065",,6/1/2004,['Renovation Metro'],"['Russell Pop, Owner']",{'Fax Numbers': ['(646) 415-8115']},{},"['Construction Services', 'Home Improvement']"
NYC Excellent Improvements,http://nyceimprovements.com,,,,,(917) 828-2319,"99 Madison Ave Fl 418New York, NY 10016",,,[],[],{},{},['Home Improvement']
G. M. Construction & Waterproofing Corp.,,Corporation,,,,(212) 979-1414,"32 Avenue B Apt 1New York, NY 10009-7795",,1/1/1984,['Musical Collectors Society'],"['Mr. Mohammed Bhuiyan, President']","{'Fax Numbers': ['(212) 979-1080'], 'Phone Numbers': ['(800) 479-7258']}",{},"['Home Improvement', 'General Contractor']"
"Bodie Renovations, LLC",https://bodierenovation.com/contact-us,Limited Liability Company (LLC),,,,(917) 767-2301,"395 Riverside DrNew York, NY 10025-1859",,2/5/2016,[],"['Mr. Arthur Bodie, Principal']",{},{},['Home Improvement']
Alpha Living LLC,https://alphaliving.com,Limited Liability Company (LLC),,,,(914) 315-9403,"1330 Avenue of the Americas Ste 23ANew York, NY 10019-5483",,1/10/2023,[],"['Mr. Hichem Hannafi, Owner']",{},{},"['Contractor Referral', 'Home Improvement']"
Overall Renovation Inc.,https://overallrenovation.com,Corporation,,,,(718) 715-0472,"193 Spring St Ste BNew York, NY 10012-5604",,10/27/2020,[],"['Ms. Ami Wolf, Owner', 'Mr. Kobi Sofer, Project Manager']",{'Phone Numbers': ['(415) 335-3047']},{},"['Construction Services', 'Home Improvement', 'Remodeling', 'Home Renovation']"
Dynamic GC Corp.,https://www.dynamicgccorp.com/,Corporation,,,,(718) 786-1776,"445 5th Ave Apt 32DNew York, NY 10016-0133",,8/24/2017,[],"['Mr. Parvez Riaz, President']",{'Website Addresses': ['https://www.linkedin.com/company/dynamic-gc/']},"{'Facebook': 'https://www.facebook.com/DynamicGCC', 'Twitter': 'https://twitter.com/dynamicgcc'}","['General Contractor', 'Roofing Contractors', 'Concrete Contractors', 'Home Improvement', 'Waterproofing Contractors', 'Bathroom Design', 'Stucco', 'Home Renovation', 'Commercial Painting Contractors', 'Caulking Contractors', 'Interior Finishing', 'Residential General Contractor', 'Commercial General Contractor']"
SM Godwin Inc,http://www.godwininc.com/,Corporation,,,,(212) 308-0558,"1110 2nd Ave Rm 301New York, NY 10022-2021",,1/1/1984,[],"['Mr. Steve Godwin, Partner']",{},{},['Home Improvement']
A-1 Home Improver Construction,,,,,,(646) 288-7371,"227 East 50th StreetSuite 13New York, NY 10022",,1/1/1950,[],"['Mr. Kevin A. Klepper, Owner']",{},{},"['Home Improvement', 'General Contractor']"
RM Development & Construction LLC,,,,,,(866) 649-4714,"330 Madison AvenueNew York, NY 10017",,,[],[],{},{},['Home Improvement']
Hobbs Inc.,http://www.hobbsinc.com,Corporation,,,,(203) 966-0726,"27 Grove StNew Canaan, CT 06840-5324",,,[],"['Mr. Scott E Hobbs, President']","{'Fax Numbers': ['(203) 966-3252'], 'Phone Numbers': ['(631) 537-8620', '(212) 388-0042']}",{'Facebook': 'https://www.facebook.com/HobbsIncCustomBuilder/'},['Home Improvement']
Marty's Renovations L.E.V,,,,,,(917) 213-1815,"575 Grand Street -Unit# 23New York, NY 10002",,1/1/1998,[],"['Mr. Nelaton Rouzeau, President']",{'Fax Numbers': ['(917) 534-1324']},{},['Home Improvement']
Castle Cabinetry,,,,,,(212) 755-6637,"235 E. 59th StreetNew York, NY 10022",,,['Metropolis Collection Inc.'],[],{},{},['Home Improvement']
All Milmo Kitchens/The Castle,,,,,,(212) 756-6637,"235 East 59th StreetNew York, NY 10022",,,[],[],{},{},['Home Improvement']
"Pianeta Legno Floors USA, Inc.",,,,,,(212) 755-1414,"1100 Second Ave.New York, NY 10022",,,[],[],{},{},['Home Improvement']
"C. Stasky Associates, Ltd.",,Corporation,,,,(212) 599-2100,"305 Madison AvenueNew York, NY 10165",,1/1/1994,[],[],{},{},['Home Improvement']
MPCT LLC,https://www.mpctllc.com,Limited Liability Company (LLC),,,,(718) 813-6581,"PO BOX 1043New York, NY 10185",,8/19/2011,[],"['Mr. Michael Thomas, Owner/Operator']",{'Phone Numbers': ['(718) 484-3520']},{},['Home Improvement']
J Balaz & Associates Ltd,,,,,,(212) 472-5466,"210 East 75th Street- Apt. #5CNew York, NY 10021",,1/1/1997,[],"['Mr. Joseph Balaz, Owner']",{'Fax Numbers': ['(212) 504-8028']},{},['Home Improvement']
SM Godwin Inc,http://www.godwininc.com/,Corporation,,,,(212) 308-0558,"1110 2nd Ave Rm 301New York, NY 10022-2021",,1/1/1984,[],"['Mr. Steve Godwin, Partner']",{},{},['Home Improvement']
K.R.S. Renovation Corp.,,Corporation,,,,(212) 308-0558,"404 West 46th StreetNew York, NY 10036-9004",,1/1/1963,"['K.R.S. Rehabilitation Corp.', 'KRS Rehabilitation Corp.']",[],"{'Fax Numbers': ['(212) 246-5007'], 'Phone Numbers': ['(212) 246-4101']}",{},['Home Improvement']
Plaza Construction Corp.,,,,,,(212) 849-4800,"1065 Sixth Avenue 7th floorNew York, NY 10018-1878",,,[],"['Mr. Larry Fisher, Owner']",{},{},['Home Improvement']
L B General Construction Inc,http://www.lbgeneralconstruction.com,Corporation,,,,(212) 849-4800,"353 W 48th St Ste 346New York, NY 10036-1324",,12/1/2006,['L.B. General Construction'],"['Mr. Louis Bujaj, President/Co-Founder']","{'Fax Numbers': ['(212) 884-0336'], 'Phone Numbers': ['(212) 884-0335']}",{},"['Home Improvement', 'Carpenter', 'Bathroom Design', 'Flooring Contractors', 'Commercial Contractors']"
L B General Construction Inc,http://www.lbgeneralconstruction.com,Corporation,,,,(212) 849-4800,"353 W 48th St Ste 346New York, NY 10036-1324",,12/1/2006,['L.B. General Construction'],"['Mr. Louis Bujaj, President/Co-Founder']","{'Fax Numbers': ['(212) 884-0336'], 'Phone Numbers': ['(212) 884-0335']}",{},"['Home Improvement', 'Carpenter', 'Bathroom Design', 'Flooring Contractors', 'Commercial Contractors']"
Mic-Ron General Contractors Inc,,,,,,(212) 581-5333,"321 West 44th Street-Ste.#601New York, NY 10036",,,[],"['Mr. Ronald FD Franco, Owner']",{},{},['Home Improvement']
SRS Construction Inc.,,,,,,(212) 376-5322,"230 West 41st Street Ste. 1401New York, NY 10036",,,[],"['Mr. Patrick J Ronayne, Owner']",{},{},['Home Improvement']
MyHome Renovation Experts,http://www.myhomeus.com,Corporation,,,,(212) 666-2888,"353 West 48th StreetGround FloorNew York, NY 10036",,1/1/1998,"['MyHome Design & Remodeling', 'My Home LLC aka My Home US', 'Renovation by My Home']","['Mr. Yoel Piotraut, Managing Partner']",{},{},"['Kitchen Design', 'General Contractor', 'Construction Services', 'Home Improvement', 'Bathroom Remodel', 'Remodel Contractors', 'Kitchen Remodel', 'Remodeling', 'Bathroom Design', 'Home Renovation', 'Cabinets', 'Kitchen Cabinets', 'Kitchen Cabinets and Equipment', 'Kitchen', 'Bathroom', 'Residential General Contractor', 'Construction Loans']"
"Crafted Kitchen, Inc.",http://www.CraftedHomeNY.com,Corporation,,,,(212) 391-9700,"110 West 40th StreetStudio 305New York, NY 10018-3616",,11/1/2001,"['Crafted Home NY', 'Crafted Home & Kitchen']","['Mr. Thomas Krauss, President']",{},{},['Home Improvement']
Orca Construction LLC,,,,,,(212) 953-0007,"405 Lexington Avenue -71st Fl.New York, NY 10017",,,[],"['Ms. Leah Madrid, Owner']",{},{},['Home Improvement']
Jack Henry Construction Ltd.,,,,,,(212) 888-6442,"321 East 54th StreetNew York, NY 10022",,1/1/1993,[],"['Mr. Jack Henry, President & CEO']",{'Fax Numbers': ['(212) 888-7726']},{},['Home Improvement']
Kennan Ash LLC,http://www.kennanash.com,Corporation,,,,(212) 759-9800,"320 East 58th StreetNew York, NY 10022-2220",,1/1/1985,[],"['Mr. John Chadrjian, President']","{'Fax Numbers': ['(212) 759-9864'], 'Phone Numbers': ['(212) 759-9800']}",{},"['Home Improvement', 'General Contractor']"
Tishman Alexander Management & Leasing Corp,,,,,,(212) 490-9400,"708 Third AvenueNew York, NY 10017",,1/1/2000,['Alexander Builing Services'],"['Mr. Richard Alexander, Owner']",{'Fax Numbers': ['(212) 289-9027']},{},['Home Improvement']
Rip Cord Production LLC,https://sites.google.com/site/ripcordwoodshop/home,Corporation,,,,(917) 371-2031,"1173-8 2nd Avenue #145New York, NY 10065",,1/1/2005,[],[],{'Fax Numbers': ['(718) 482-7635']},{},"['Outdoor Furniture', 'Home Improvement']"
Vaso Construction Corp.,,,,,,(212) 681-6620,"275 Madison Avenue, Suite 2002New York, NY 10016",,,[],[],{'Fax Numbers': ['(212) 681-8165']},{},['Home Improvement']
Streamline Contracting,,,,,,(212) 223-8585,"344 E. 55th St.New York, NY 10022",,1/1/1989,['Streamline'],"[""Mr. James O'Reilly, President""]",{'Fax Numbers': ['(212) 223-8778']},{},['Home Improvement']
"Trinity Development Group, Inc.",http://www.nyctdg.com,Corporation,,,,(917) 322-9790,"15 W 39th St, Suite 801New York, NY 10018-0632",,1/1/2006,[],"['Mr. Ray De Guzman, Owner / President']",{'Fax Numbers': ['(917) 210-3535']},{},"['General Contractor', 'Home Improvement']"
B&A Contracting Inc.,,,,,,(212) 551-1529,"271 Madison Ave.New York, NY 10016",,,[],"['Mr. Joseph Ambrosi, Mgr.']","{'Fax Numbers': ['(718) 376-0326'], 'Phone Numbers': ['(212) 330-0637']}",{},['Home Improvement']
Wildman & Bernhardt Construction Inc.,,,,,,(212) 714-1220,"102 West 38th StreetNew York, NY 10018",,,[],"['Mr. Richard A Wildman, Owner']",{},{},['Home Improvement']
Cliffco Construction Inc.,,Corporation,,,,(212) 758-8361,"127 Lincoln AveBronx, NY 10454-4432",,12/18/1995,[],"['Mr. Robert Roth, Owner']",{},{},['Home Improvement']
Transitions Contracting Inc.,,Corporation,,,,(917) 913-4046,"211 E. 43rd St # 7-371New York, NY 10017",,12/14/2004,[],"['Mr. Iraj Safakamal, President']",{},{},"['General Contractor', 'Home Improvement']"
"EZLight, Inc.",,,,,,(917) 913-4046,"1385 Broadway Suite 400New York, NY 10018",,,[],[],{},{},['Home Improvement']
"NYC Perfect Builders, Inc.",http://www.nycperfectbuilders.com,Corporation,,,,(212) 288-5752,"260 Madison Ave Ste 102New York, NY 10016-2401",,1/1/2003,[],[],{'Fax Numbers': ['(212) 288-1939']},{},"['Home Improvement', 'Painting Contractors', 'Carpenter']"
Metamorphosis Construction Corporation,http://www.metamorphosisconstruction.com,Corporation,,,,(212) 772-6543,"210 East 68th StreetNew York, NY 10065",,12/31/1990,[],"['Mr. Konstantine Tsombikos, Owner']",{'Fax Numbers': ['(212) 988-2949']},{},"['Home Improvement', 'Construction Services']"
Joseph Peyton Thomas,http://www.cowboycarpentry.com,,,,,(212) 586-3002,"554 West 50th Street #4RWNew York, NY 10019",,1/1/2000,['Cowboy Carpentry'],"['Mr. Peyton Thomas, Owner']",{},{},['Home Improvement']
Interior Management Inc.,http://www.interiormanagement.com,,,,,(212) 750-3700,"405 E. 50th StreetNew York, NY 10022",,1/1/1993,[],"['Mr. Mark Martinez, President']",{'Fax Numbers': ['(212) 752-3755']},{},['Home Improvement']
"Edward Bennett Construction, Inc.",http://www.edwardbennett.com,Corporation,,,,(212) 764-0033,"246 West 38th Street#10New York, NY 10018",,12/1/1989,[],[],{'Fax Numbers': ['(212) 764-3533']},{},"['General Contractor', 'Home Improvement']"
Reld Development Corp.,,Corporation,,,,(212) 679-2920,"347 5th AvenueNew York, NY 10016",,1/1/1965,[],"['Mr. Leon Feldan, Owner']",{'Fax Numbers': ['(212) 679-3009']},{},"['Construction Services', 'Home Improvement']"
DBJ Contracting Corp,,,,,,(718) 302-1563,"247 West 38th StreetNew York, NY 10018",,1/1/1989,[],"['Mr. Shawn Gotlib, President']",{},{},['Home Improvement']
Flipping Millennials,,,,,,(781) 475-3348,"129 W 74th St Apt 1CNew York, NY 10023",,,[],[],{},{},['Home Improvement']
"Major Renovation Management, Inc.",http://www.mrmgt.org,Corporation,,,,(646) 356-9075,"535 West 46th StreetNew York, NY 10036",,9/1/2008,[],"['Ms. Maria Manalo, President']",{'Fax Numbers': ['(646) 390-4304']},{},['Home Improvement']
Aspiro Renovations LLC,http://www.aspirorenovations.com,Limited Liability Company (LLC),,,,(646) 356-9075,"220 E 42nd St, Fl 29New York, NY 10017-5817",,4/4/2013,[],"['Ms. Halina Hofmann, Owner']","{'Phone Numbers': ['(646) 522-6232'], 'Website Addresses': ['https://www.yelp.com/biz/aspiro-renovations-new-york', 'http://www.homeadvisor.com/rated.AspiroRenovationsLLC.52398619.html']}","{'Facebook': 'https://www.facebook.com/aspirorenovations', 'Twitter': 'https://twitter.com/aspiroreno', 'Instagram': 'https://www.instagram.com/aspirogroup/'}","['Home Improvement', 'Remodel Contractors', 'Property Maintenance']"
RD-Wright Inc.,,Corporation,,,,(212) 971-7501,"450 West 36th StreetNew York, NY 10018-6344",,1/1/1986,[],"['Mr. Douglas P. Reetz, President']",{},{},['Home Improvement']
Legacy Builders/Developers Corp.,http://www.legacybd.com,Corporation,,,,(212) 644-4466,"519 8th Ave Fl 7New York, NY 10018-6506",,10/27/2005,[],"['Mr. John Bennardo, President']",{},{},"['Construction Services', 'General Contractor', 'Home Improvement', 'Construction Management']"
Dura-Seal Weatherproofing,,,,,,(212) 644-4466,"545 Eighth Avenue, Ste. 401New York, NY 10018",,,[],[],"{'Phone Numbers': ['(212) 338-2746', '(212) 714-3807']}",{},"['Roofing Contractors', 'Home Improvement']"
"Brad Pressman, Design Impulse",,,,,,(212) 244-8499,"498 Seventh Avenue-Suite 1504New York, NY 10025",,,[],[],{},{},['Home Improvement']
"Total Home Transformation, Inc.",,Corporation,,,,(212) 244-8499,"140 West 69th Street, Suite 117New York, NY 10023",,10/1/2006,[],"['Mr. Brian Shait, President']","{'Fax Numbers': ['(212) 595-9757'], 'Phone Numbers': ['(212) 595-9737']}",{},"['Home Improvement', 'General Contractor']"
Wilde Associates Of NY Ltd,,,,,,(212) 888-7770,"15 West 36th StreetNew York, NY 10018",,1/1/1995,[],"['Mr. Herbert Weinstein, Owner']",{'Fax Numbers': ['(212) 594-3839']},{},['Home Improvement']
Island Builders Group Inc,https://www.islandcarpentrycorp.com/,Corporation,,,,(917) 209-1496,"256 West 36th St 3rd FlBrooklyn, NY 10018",,10/3/2016,[],"['Mr. Calvin James, Owner']",{},{'Facebook': 'http://www.facebook.com/islandcarpentrycorp/'},"['Carpenter', 'Home Improvement', 'Finish Carpentry', 'Drywall Texture']"
Third Floor Construction Inc.,,,,,,(212) 967-4151,"225 West 36th St., Floor 6thNew York, NY 10018",,,[],"['Mr. Benjamin D Fiering, President']",{'Fax Numbers': ['(212) 967-4028']},{},['Home Improvement']
Construction Building Services Inc.,,,,,,(212) 213-9822,"218 Madiuson AvenueNew York, NY 10016",,,[],"['Ms. Barbara Ladesou, Owner']",{},{},['Home Improvement']
Olympic Flooring and Painting,,,,,,(212) 606-2311,"1317 3nd Ave, Suite 100New York, NY 10021",,,[],[],{},{},['Home Improvement']
Cosentino & Pine Builders LTD,,,,,,(646) 523-5525,"126 West 227 StreetMarble Hill, NY 10463",,1/1/1986,[],"['Mr. Martin H Pine, Owner']","{'Fax Numbers': ['(212) 486-0384'], 'Phone Numbers': ['(718) 562-1485', '(800) 526-2208']}",{},['Home Improvement']
Transitions Contracting Inc.,,Corporation,,,,(917) 913-4046,"211 E. 43rd St # 7-371New York, NY 10017",,12/14/2004,[],"['Mr. Iraj Safakamal, President']",{},{},"['General Contractor', 'Home Improvement']"
IDI Construction Company Inc.,,,,,,(212) 680-1100,"520 8th Avenue - 18th FloorNew York, NY 10018",,1/1/1995,[],"['Mr. James Stumpf, President']",{'Fax Numbers': ['(212) 564-1155']},{},['Home Improvement']
"Vanguard Construction And Development Company, Inc",,,,,,(212) 594-7477,"470 7th Avenue Tenth FloorNew York, NY 10018",,,[],"['Mr. Michael J Strauss, Owner']",{},{},['Home Improvement']
Cohen Construction Management Inc.,,,,,,(212) 353-3985,"240 East 39th Street Suite 49KNEw YOrk, NY 10016",,,[],"['Mr. Edward Cohen, Owner']",{'Phone Numbers': ['(212) 366-1586']},{},['Home Improvement']
S Macedo Construction Corp,,,,,,(212) 643-9271,"224 West 35th StreetNew York, NY 10001",,,[],"['Mr. Joe Macedo, Owner']",{},{},['Home Improvement']
Ryder Construction Inc.,http://www.ryderconstruction.com,,,,,(212) 465-8700,"519 Eight AvenueNew York, NY 10018-6506",,1/1/1979,[],"['Mr. Frank Mosomillo, President']",{'Fax Numbers': ['(212) 465-2323']},{},['Home Improvement']
NYC Hallways and Lobbies Inc.,,Corporation,,,,(212) 362-2300,"247 35th StreetSuite 401New York, NY 10001",,5/15/2008,[],"['Ms. Nami Shin, President', 'Mr. Jerry Alexander, Vice President', 'Mr. William Becker, Secretary/Treasurer']",{'Fax Numbers': ['(212) 362-6835']},{},"['Home Additions', 'General Contractor', 'Home Improvement']"
World Class Restoration,,Sole Proprietorship,,,,(718) 304-7679,"19 W. 34th St., Suite 1120New York, NY 10001-3006",,1/1/2001,['Xouis Xf Xondon'],"['Mr. Steven Christmann, CEO']",{},{},['Home Improvement']
Corcoran Construction Corp.,,,,,,(212) 949-6555,"5 Tudor City Place Apt 2039New York, NY 10017",,,[],"['Mr. Steven Corcoran, Owner']",{'Phone Numbers': ['(212) 580-6565']},{},['Home Improvement']
F.I. Construction,,,,,,(212) 463-7560,"13 West 74th StreetNew York, NY 10023",,1/1/1987,['F.I. Landscaping Corp.'],"['Mr. Joshua Cohen, President']",{'Fax Numbers': ['(212) 463-7533']},{},['Home Improvement']
"Rosenhaus Design Group, Inc.",,,,,,(212) 579-4598,"138 West 72nd Street, Suite 2FNew York, NY 10023",,1/1/1999,[],"['Mr. Mark Rosenhaus, President']",{'Fax Numbers': ['(212) 579-4599']},{},['Home Improvement']
"ABR Construction, Inc.",,Corporation,,,,(212) 576-1821,"347 5th Avenue, Suite 709New York, NY 10016",,1/13/1995,['ABRGC'],[],{'Fax Numbers': ['(212) 576-1825']},{},"['Home Improvement', 'Construction Management']"
Nest Builders Corp.,,Corporation,,,,(212) 496-8900,"165 West End Avenue, Apartment 16ANew York, NY 10023",,1/1/2001,[],"['Mr. Kemal Sonmez, President', 'Mr. Berk Sonmez, Vice President']",{'Fax Numbers': ['(212) 496-0200']},{},"['General Contractor', 'Home Improvement']"
Arete Group Inc.,,,,,,(212) 633-8850,"109 West 27th StreetNew York, NY 10001",,,[],"['Mr. Stephan Economou, Owner']",{},{},['Home Improvement']
The Contractor Inc.,,,,,,(800) 564-3977,"152 West 72nd StreetNew York, NY 10023",,1/1/1979,"['Express Handy man Inc.', 'Direct Systems']","['Mr. Jacob Sayegh, President']","{'Fax Numbers': ['(212) 877-8327'], 'Phone Numbers': ['(212) 877-8300']}",{},['Home Improvement']
Capital Home Improvement Corporation,,,,,,(800) 564-3977,"350 5th. Ave, Suite 3304New York, NY 10118",,,['Capital Home Improvement Corp.'],[],"{'Phone Numbers': ['(212) 447-4404', '(800) 401-7488']}",{},['Home Improvement']
Capital Home Improvement Corporation,,,,,,(800) 564-3977,"350 5th. Ave, Suite 3304New York, NY 10118",,,['Capital Home Improvement Corp.'],[],"{'Phone Numbers': ['(212) 447-4404', '(800) 401-7488']}",{},['Home Improvement']
Top Hat Solutions Corp.,http://www.tophathomeservices.com/,Corporation,,,,(212) 706-0300,"150 W End Ave Apt 12ANew York, NY 10023-5732",,1/1/2005,['Top Hat Home Services'],[],{'Fax Numbers': ['(646) 304-6618']},{},"['General Contractor', 'Home Improvement', 'Construction Management']"
Vukic Contracting,,,,,,(212) 873-5413,"243 West 70th St.New York, NY 10023",,,[],"['Mr. Steve Vukic, Owner']",{},{},['Home Improvement']
"Elgot Kitchens, Inc.",http://www.elgot.com,,,,,(212) 879-1200,"1296 Third AvenueNew York, NY 10021-3453",,1/1/1945,"['Elgot Sales Corp.', 'Elgot Appliances']","['Ms. Phyllis Elias, President']","{'Fax Numbers': ['(212) 794-9228'], 'Phone Numbers': ['(212) 617-2222']}",{},"['Home Improvement', 'Kitchen Design']"
Campanella Construction Company LLC,,,,,,(212) 563-5463,"39 West 32 Street Suite 1602New York, NY 10001",,,[],"['Mr. Richard V Campanella, Owner']",{},{},['Home Improvement']
Campanella Construction Company LLC,,,,,,(212) 563-5463,"39 West 32 Street Suite 1602New York, NY 10001",,,[],"['Mr. Richard V Campanella, Owner']",{},{},['Home Improvement']
Footprint Builders Corp.,,,,,,(212) 563-6599,"12 West 32nd StreetNew York, NY 10001",,,['Inpac'],"['Mr. Kevin Quinn, Owner']",{},{},['Home Improvement']
Nomis Contracting Corp.,,Corporation,,,,(917) 217-8069,"222 East 35th StreetNew York, NY 10016-4281",,3/6/2008,[],"['Mr. Simon Tinaj, President']",{'Fax Numbers': ['(212) 689-8038']},{},['Home Improvement']
Eastco Contractors Co. Inc.,,,,,,(212) 686-9495,"152 Madison AvenueNew York, NY 10016",,1/1/1995,[],"['Mr. John Oldak, Owner']",{'Fax Numbers': ['(212) 686-9391']},{},['Home Improvement']
J Balaz & Associates Ltd,,,,,,(212) 472-5466,"210 East 75th Street- Apt. #5CNew York, NY 10021",,1/1/1997,[],"['Mr. Joseph Balaz, Owner']",{'Fax Numbers': ['(212) 504-8028']},{},['Home Improvement']
Aarco Contracting LLC,http://www.aarcocontracting.com/,Limited Liability Company (LLC),,,,(212) 390-8867,"3636 33rd Street, Suite 203Long Is City, NY 11106",,2/15/2011,[],"['Mr. Ali Anwar, CEO']","{'Fax Numbers': ['(212) 390-8869'], 'Website Addresses': ['https://www.yelp.com/biz/aarco-contracting-new-york']}","{'Facebook': 'https://www.facebook.com/Aarco-Contracting-201544639879282/', 'Twitter': 'https://twitter.com/aarcocontractor', 'Instagram': 'https://www.instagram.com/aarco_contracting/', 'YouTube': 'https://www.youtube.com/c/AarcocontractingNY'}","['General Contractor', 'Roofing Contractors', 'Home Improvement', 'Mason Contractors', 'Waterproofing Contractors']"
"Urbatech Designers & Builders, Ltd.",,,,,,(212) 724-4700,"2112 BroadwayNew York, NY 10023",,,[],"['Mr. Ramy Isaac, Owner']",{},{},['Home Improvement']
"Zoolander Contracting, Inc.",,,,,,(212) 686-8965,"15 East 31st StreetNew York, NY 10016-6715",,,[],"['Mr. Gregory A. Meola, Owner']",{},{},['Home Improvement']
Michel Madie Real Estate Services Corp.,http://www.mmadie.com,,,,,(212) 501-8900,"277 West End Avenue -Ste. #1DNew York, NY 10023",,1/1/2000,[],"['Mr. Michel Madie, President']",{'Fax Numbers': ['(212) 712-2367']},{},['Home Improvement']
Battista Renovations,,,,,,(212) 595-2790,"166 West 76th St. #4-DNew York, NY 10023",,,[],[],{},{},['Home Improvement']
Mike Collins Contracting Corp,,,,,,(212) 734-7895,"319 East 75th StreetNew York, NY 10021",,,[],"['Mr. Michael Collins, Owner']",{},{},['Home Improvement']
Cooper Development,https://www.cooperbuild.com,Corporation,,,,(631) 213-1484,"276 5th Ave Rm 704New York, NY 10001-4527",,2/1/2009,['Cooper Contracting'],[],{'Website Addresses': ['https://www.cooperdevelopment.com/']},{},"['Construction Services', 'General Contractor', 'Home Improvement']"
"Holden & Flynn Universal Contractors, Inc.",,,,,,(917) 256-0329,"451 Park Avenue SouthNew York, NY 10021",,,[],"['Mr. Henry G. Holden, Owner']",{},{},['Home Improvement']
Besa Construction Co.,,,,,,(212) 684-1815,"35 East 30th StreetNew York, NY 10016",,,[],"['Mr. Besa Ziba, Owner']",{},{},['Home Improvement']
"Detailed Renovations, Inc",,,,,,(212) 517-8516,"400 East 74th StreetNew York, NY 10021",,1/1/1999,[],"['Mr. Nick Lazzaruolo, Owner']",{'Fax Numbers': ['(212) 517-8576']},{},['Home Improvement']
Edward R. Kraft Construction LLC,,,,,,(212) 988-5667,"1435 1st AvenueNew York, NY 10021",,1/1/1985,[],"['Mr. Edward Kraft, President/Owner']","{'Fax Numbers': ['(212) 988-9435'], 'Phone Numbers': ['(917) 838-7485', '(718) 435-6658']}",{},['Home Improvement']
Bedor Development & Construction Inc.,,,,,,(212) 282-2788,"11 East 80th StreetNew York, NY 10021",,,[],"['Mr. Richard Bedor, Owner']",{},{},['Home Improvement']
TECNY Group Inc.,http://tecnygroup.com,Corporation,,,,(212) 697-4040,"115 W 29th St Ste 801New York, NY 10001-5106",,1/1/1991,['TECNY Landmark Corp.'],"['Mr. Solomon Asser, Principal']",{'Fax Numbers': ['(212) 687-1003']},{},"['Building Contractors', 'Home Improvement']"
Homecrest Inc.,,Corporation,,,,(212) 697-4040,"231 West 29th StreetNew York, NY 10001-5209",,1/1/1984,[],"['Mr. Michael Fishelson, President']","{'Fax Numbers': ['(212) 868-3590'], 'Phone Numbers': ['(212) 868-3860']}",{},['Home Improvement']
Vision 1 Home Improvement & Roofing,http://vision1homeimprovement.com/,,,,,(718) 504-8607,"PrivateNew York, NY 10001",,,[],[],{},{},['Construction Services']
"DSA Builders, Inc.",,,,,,(212) 684-4307,"31 Wesr 27th Street 9th FloorNew York, NY 10001",,1/1/1999,[],"['Mr. Mitchell Dennis, Owner']","{'Fax Numbers': ['(212) 684-4322'], 'Phone Numbers': ['(212) 375-0551']}",{},['Home Improvement']
New York Interior Construction Inc,,,,,,(212) 695-0700,"7 Penn Plaza -Ste.# 222New York, NY 10001",,1/1/1995,[],"['Mr. Dean S. Larkey, Owner']",{'Fax Numbers': ['(212) 629-7996']},{},['Home Improvement']
C.N. Renovation Co. Inc.,http://www.cnrgroup.us.com,Corporation,,,,(973) 890-9898,"61 Willet St Ste 1 Bldg LPassaic, NJ 07055-1971",,1/1/1994,['CNR Group'],[],{},{},"['General Contractor', 'Home Improvement', 'Property Maintenance']"
"Grandeur Hills Group, Inc.",https://grandeurhillsgroup.com/,Corporation,,,,(212) 880-5484,"276 5th Ave Rm 704New York, NY 10001-4527",,2/15/2019,[],"['Mr. Alisher Fahri, Owner']",{},{},"['Residential General Contractor', 'General Contractor', 'Construction Services', 'Home Improvement', 'Bathroom Design']"
"Terry Design, Fine Construction & Carpentry",,,,,,(212) 397-8800,"40 West 79th Street Boat BasinNew York, NY 10024",,1/1/1989,[],"['Mr. Alfred Terry, Owner']","{'Fax Numbers': ['(718) 768-7419'], 'Phone Numbers': ['(212) 787-9235'], 'Website Addresses': ['http://www.newyorkdecks.com']}",{},['Home Improvement']
Cose Belle,,,,,,(212) 988-4210,"7 East 81st StreetNew York, NY 10028",,,[],[],{'Phone Numbers': ['(212) 799-5433']},{},['Home Improvement']
Galcon Construction Inc,http://www.galconconstruction.com,Corporation,,,,(917) 503-9086,"145 West 28th Street, Suite 1002New York, NY 10001-6188",,2/1/2002,[],[],{'Fax Numbers': ['(917) 746-6568']},{},['Home Improvement']
VGC NYC Inc.,http://www.vgcnyc.com,Corporation,,,,(212) 580-6900,"319 West 74th StreetNew York, NY 10023",,1/1/1987,['Varricchio General Contracting'],"['Mr. Edward Varricchio, Owner']",{'Fax Numbers': ['(212) 580-7301']},{},"['Home Improvement', 'Construction Services']"
Carpistry,http://www.carpistry.com,Sole Proprietorship,,,,(212) 580-6900,"118 West 79th Street #12ANew York, NY 10024",,1/1/1979,['Robert L. Benes'],"['Mr. Robert L Benes, Owner/Sole Proprietor']","{'Fax Numbers': ['(212) 595-9770'], 'Phone Numbers': ['(212) 252-4400', '(646) 296-2291']}",{},"['Home Improvement', 'General Contractor', 'Cabinet Manufacturers']"
"Brickstone Homes, Inc.",,,,,,(212) 252-4644,"244 5th Avenue, M245New York, NY 10001",,1/1/2002,[],"['Mr. Cornelio A Hunt, President']","{'Phone Numbers': ['(646) 258-0737', '(516) 486-3940']}",{},['Home Improvement']
Structure Contracting,http://www.structurecontracting.com,Sole Proprietorship,,,,(212) 410-7757,"244 5th Avenue Suite #253New York, NY 10001",,1/1/1999,['Structure Construction'],"['Mr. Anton Berish, Owner']",{'Fax Numbers': ['(347) 702-9596']},{},"['Home Improvement', 'General Contractor']"
Habile & Sons Inc.,,,,,,(212) 249-8476,"345 East 77th Street Apt. 1BNew York, NY 10021",,,[],"['Mr. Frank Hausler, Owner']",{'Phone Numbers': ['(718) 951-2222']},{},['Home Improvement']
St Jude Interior Corp.,https://www.facebook.com/St-Jude-Interiors-Corp-344072822332793/,,,,,(917) 957-9526,"94 S 3rd StBrooklyn, NY 11249",,,[],['Leonardo Flores'],{},{},['Home Improvement']
Urban Residential LLC,,Corporation,,,,(646) 329-6422,"455 Main StreetNew York, NY 10044",,1/1/2006,[],[],{'Fax Numbers': ['(646) 329-6422']},{},['Home Improvement']
"Renotal Construction, Inc.",http://www.renotal.net,Corporation,,,,(212) 268-8488,"37 East 28th Street, Suite 508New York, NY 10016",,1/1/1990,[],"['Mr. Ronnie Tal, President']",{'Fax Numbers': ['(212) 268-8487']},{},"['Home Improvement', 'Construction Services']"
"DSA Builders, Inc.",,,,,,(212) 684-4307,"31 Wesr 27th Street 9th FloorNew York, NY 10001",,1/1/1999,[],"['Mr. Mitchell Dennis, Owner']","{'Fax Numbers': ['(212) 684-4322'], 'Phone Numbers': ['(212) 375-0551']}",{},['Home Improvement']
"William Paster, Inc.",,,,,,(212) 242-3403,"153 West 27th Street Room 1001New York, NY 10001-6252",,,[],"['Mr. William Paster, Owner']","{'Phone Numbers': ['(212) 319-4024', '(800) 223-1130']}",{},['Home Improvement']
"Miroda Construction Consultants, Ltd",,,,,,(212) 254-3457,"225 Fifth Avenue - Bsmt.New York, NY 10010",,,[],"['Mr. Howard Rosen, Owner']",{},{},['Home Improvement']
Brace Enterprises LLC,http://www.BraceLLC.com,Corporation,,,,(212) 665-8569,"122 W 27th St Fl 10New York, NY 10001-6227",,9/17/2008,[],[],{},{},['Home Improvement']
Efthimios Giordas Home Improvement,,,,,,(212) 861-5616,"1189 Lexington AvenueNew York, NY 10028",,,[],"['Mr. Efthinios Giordas, Owner']",{},{},['Home Improvement']
Alma’s Interior Solutions,https://almasinteriorsolutions.com/,Corporation,,,,(212) 288-1078,"228 E 80th StNew York, NY 10075-0572",,2/24/2017,['Presher Windows LLC'],[],{'Website Addresses': ['https://www.yelp.com/biz/almas-interior-solutions-new-york-2']},"{'Facebook': 'https://www.facebook.com/almasinteriorsolutions/', 'LinkedIn': 'https://www.linkedin.com/in/almab/'}","['General Contractor', 'Construction Services', 'Home Improvement', 'Windows', 'Window Installation']"
"Abigail H. Hess Interiors, Inc.",http://www.hessinteriors.com,Corporation,,,,(212) 772-6230,"308 East 79th Street, Suite 1BNew York, NY 10075-0998",,1/1/1992,['Hess Constructions'],['Ms. Abigail Hess'],{'Fax Numbers': ['(212) 794-8517']},{},"['General Contractor', 'Home Improvement']"
MEA Construction Inc,,Corporation,,,,(212) 717-5084,"353 E 78th St Frnt 1New York, NY 10075-1313",,2/27/2007,[],[],"{'Fax Numbers': ['(212) 717-5084'], 'Phone Numbers': ['(646) 957-2965']}",{},"['Home Improvement', 'Construction Services']"
Triboro Construction Inc.,,,,,,(212) 327-3266,"414 East 77th StreetNew York, NY 10021",,,[],"['Mr. Maqbool Ahmad, Owner']",{},{},['Home Improvement']
U Zaku Construction Company,,,,,,(212) 535-1157,"1427 York AvenueNew York, NY 10021",,1/1/1987,['Urim Zaku Construction Company'],"['Mr. Urim Zaku, President']","{'Phone Numbers': ['(212) 824-4226', '(212) 457-6655']}",{},['Home Improvement']
"Knockout Renovation Services, Inc.",https://knockoutrenovation.com/,Corporation,,,,(212) 599-5060,"134 W 26th St Rm 1000New York, NY 10001-6803",,8/1/1992,"['Knock Out Renovation & Repair Services', 'Knock Out Home Repairs & Renovations']","['Mr. Keith Steier, President']","{'Fax Numbers': ['(212) 369-5080'], 'Phone Numbers': ['(718) 745-0722', '(800) 995-6625']}",{},"['Bathroom Design', 'General Contractor', 'Home Improvement', 'Bathroom Remodel', 'Kitchen Remodel', 'Kitchen Design', 'Kitchen Cabinets and Equipment', 'Cabinet Supplies']"
Custom Interiors by JBI Inc.,,,,,,(212) 721-5641,"73 West 82nd StreetNew York, NY 10024",,1/1/1994,"['JB Interiors Inc.', 'Custom Interiors by J.B.I. Inc.']","['Mr. George Ivolin, President']","{'Fax Numbers': ['(212) 769-9415'], 'Phone Numbers': ['(212) 721-4093']}",{},['Home Improvement']
Liburd Home Improvement Associates LLC,https://liburdhomeimprovement.com/,,,,,(347) 638-2608,"PrivateNew York, NY 10001",,,[],[],{},{},['Home Improvement']
Efricolor Inc.,http://www.efricolor.com,Corporation,,,,(212) 988-5395,"418 E 78th St Apt 3DApartment 3DNew York, NY 10075-1691",,12/1/1980,[],"['Mr. Ephraim Hatzioni, President']",{'Fax Numbers': ['(212) 988-5395']},{},"['Construction Services', 'General Contractor', 'Home Improvement', 'Bathroom Remodel', 'Kitchen Remodel']"
"RD Rice Construction, Inc.",,Corporation,,,,(212) 268-1414,"532 West 30th StreetNew York, NY 10001",,1/1/1995,[],"['Mr. Douglass Rice, President']",{'Fax Numbers': ['(212) 563-1678']},{},['Home Improvement']
New York Wood Flooring,http://www.nywflooring.com,Corporation,,,,(212) 268-1414,"138 West 25th StreetNew York, NY 10001-7405",,1/1/1991,"['American Industries LLC', 'New York Wood Flooring Corp.']","['Mr. Anthony Valenti Jr., President']","{'Fax Numbers': ['(212) 645-6176'], 'Phone Numbers': ['(800) 303-1215', '(212) 868-0335']}",{},"['Hardwood Floors', 'Home Improvement', 'Floor Installation', 'Flooring Contractors', 'Hardwood Floor Contractors', 'Floor Refinishing', 'Hardwood Floor Maintenance', 'Retail Floor Materials']"
NYKB,http://www.nykb.com,Corporation,,,,(212) 242-3500,"8 West 25th StreetNew York, NY 10010-2703",,1/1/2002,"['New York Kitchen & Bathroom', 'NY Kitchen & Bath']","['Mr. Perry Hiiman, President']",{},{},"['Bathroom Design', 'Home Improvement', 'Remodel Contractors', 'Building Contractors', 'Commercial Contractors', 'Kitchen Design', 'Design Contractor']"
R & F Construction Inc.,,Corporation,,,,(646) 996-1153,"325 E 80th StNew York, NY 10075-0665",,10/30/2003,[],"['Mr. Frank Farrugia, Owner']",{'Fax Numbers': ['(212) 772-6729']},{},"['Home Improvement', 'Construction Services']"
Porcelanosa,http://www.porcelanosa-usa.com/,,,,,(646) 751-1180,"202 5th AveNew York, NY 10010-2101",,,[],[],{},{},['Home Improvement']
New York Wood Flooring,http://www.nywflooring.com,Corporation,,,,(646) 751-1180,"138 West 25th StreetNew York, NY 10001-7405",,1/1/1991,"['American Industries LLC', 'New York Wood Flooring Corp.']","['Mr. Anthony Valenti Jr., President']","{'Fax Numbers': ['(212) 645-6176'], 'Phone Numbers': ['(800) 303-1215', '(212) 868-0335']}",{},"['Hardwood Floors', 'Home Improvement', 'Floor Installation', 'Flooring Contractors', 'Hardwood Floor Contractors', 'Floor Refinishing', 'Hardwood Floor Maintenance', 'Retail Floor Materials']"
Sanyour Associates Inc.,,,,,,(212) 877-7206,"127 West 82nd Street - BsmtNew york, NY 10024",,1/1/1988,[],"['Mr. Jeff Sanyour, President']",{'Fax Numbers': ['(212) 877-8597']},{},['Home Improvement']
Picasso Remodeling Corp.,,Corporation,,,,(212) 722-8883,"1460 3rd AveNew York, NY 10028-1902",,9/18/2002,['Picasso Inc.'],"['Mr. Anastasio Tasos Detsika, Owner/President']",{'Fax Numbers': ['(212) 722-0426']},{},"['Home Improvement', 'Industrial Design']"
NY Landmark Construction Management Corp,http://www.ny-landmark.com,Corporation,,,,(212) 557-5440,"127 W 24th St Fl 2New York, NY 10011-1915",,1/1/1986,['N.Y. Landmark'],"['Mr. Gordon Rafajac, President']","{'Fax Numbers': ['(212) 557-4151'], 'Phone Numbers': ['(718) 656-8170']}",{},"['General Contractor', 'Home Improvement']"
Mingo Design LLC,,,,,,(212) 580-5414,"2255 Broadway, #310New York, NY 10024",,1/1/2000,[],"['Mr. Kari Katzander, Owner']",{'Fax Numbers': ['(212) 580-7748']},{},['Home Improvement']
MecTec NYC Inc.,,Corporation,,,,(212) 488-0792,"509 East 78 StreetNew York, NY 10075",,3/1/2006,[],[],{},{},['Home Improvement']
Exclusive Home Care Specialists,,,,,,(212) 795-7727,"217 East 86th Street-Ste.177New York, NY 10028",,1/1/1990,[],"['Mr. Anthony Athanasakis, Owner']",{},{},['Home Improvement']
Right Angle Inc.,http://www.right-angle.net,Corporation,,,,(212) 627-1399,"284 8th AvenueNew York, NY 10001",,1/1/1996,[],"['Mr. Mark Backerstaffe, Vice President']",{'Fax Numbers': ['(212) 627-1399']},{},['Home Improvement']
A & E Custom Renovation,http://www.plumbing.com,,,,,(212) 650-0969,"243 East 83rd Street Suite 1BNew York, NY 10128",,,[],[],{},{},['Home Improvement']
The Kitchen & Bath Experts,,,,,,(212) 496-4197,"473 Amsterdam AvenueNew York, NY 10024",,1/1/1988,[],"['Ms. Lisa H. Lipsky, President']",{},{},['Home Improvement']
Kindler Contracting Inc.,,,,,,(212) 679-1685,"246 East 26th Street #3FNew York, NY 10010",,1/1/1990,[],"['Mr. Jacob Kindler, President']",{'Phone Numbers': ['(212) 725-9061']},{},['Home Improvement']
Craftmasters Construction Corp.,,Corporation,,,,(212) 679-1685,"125 South Service RoadJericho, NY 11753",,1/1/1976,['Home Zone USA'],"['Mr. Kenneth Palmer, President']","{'Phone Numbers': ['(516) 394-8050', '(516) 450-1200']}",{},['Home Improvement']
T&L Home Improvements,,,,,,(212) 679-1685,"349 East 82nd StreetNew York, NY 10028",,,[],[],{},{},['Home Improvement']
The Kitchen & Bath Experts,,,,,,(212) 496-4197,"473 Amsterdam AvenueNew York, NY 10024",,1/1/1988,[],"['Ms. Lisa H. Lipsky, President']",{},{},['Home Improvement']
Contact Contractor Corporation,,,,,,(212) 570-1213,"235 East 84th Street Apt. 17New York, NY 10028",,,[],"['Mr. Luis Polanco, Owner']",{},{},['Home Improvement']
"Toned Painting & Construction, Inc.",,Corporation,,,,(212) 988-7185,"405 East 82nd StreetNew York, NY 10028",,11/1/1983,[],"['Mr. Edward Debono, Secretary Treasurer']",{'Phone Numbers': ['(917) 807-2874']},{},"['Painting Contractors', 'Home Improvement']"
"Mind, Hand and Company, Inc.",,,,,,(212) 629-4028,"519 West 26th Street- 3rd Fl.New York, NY 10001",,1/1/1979,[],"['Mr. Philip A. Paul, Owner']",{'Fax Numbers': ['(212) 643-1526']},{},['Home Improvement']
FloodMD,http://www.carpetandco.com,Corporation,,,,(877) 722-7738,"174 Fifth AvenueSuite 503New York, NY 10010",,10/9/2011,['Carpet and Co.'],"['Val Jacobs, General Manager']",{},{},"['Upholstery Cleaning', 'Home Improvement']"
FloodMD,http://www.carpetandco.com,Corporation,,,,(877) 722-7738,"174 Fifth AvenueSuite 503New York, NY 10010",,10/9/2011,['Carpet and Co.'],"['Val Jacobs, General Manager']",{},{},"['Upholstery Cleaning', 'Home Improvement']"
Mohammad A Khan,,,,,,(718) 332-6763,"1055 Brighton Beach AvenueBrooklyn, NY 11235-5662",,,[],"['Mr. Mahammad A Khan, Owner']",{},{},['Home Improvement']
NYC Complete Renovations Inc,,,,,,(516) 808-5911,"370 1st Ave Apt 1ENew York, NY 10010",,,[],[],{},{},['Home Improvement']
Tony's home Improvements,,,,,,(516) 808-5911,"145 Barbee StreetBrooklyn, NY 10010",,,[],[],{},{},['Home Improvement']
Techne & Associates Inc.,,,,,,(212) 722-8115,"55 East 87yh StreetNew York, NY 10128",,1/1/1996,[],"['Mr. Aspasia Zoumas, Owner']",{'Fax Numbers': ['(212) 722-5024']},{},['Home Improvement']
Techne & Associates Inc.,,,,,,(212) 722-8115,"55 East 87yh StreetNew York, NY 10128",,1/1/1996,[],"['Mr. Aspasia Zoumas, Owner']",{'Fax Numbers': ['(212) 722-5024']},{},['Home Improvement']
David Hernandez,,,,,,(212) 580-8663,"175 West 87th Street -Ste.15CNew York, NY 10024",,,[],"['Mr. David Hernandez, Owner']",{},{},['Home Improvement']
Sanyour Associates Inc.,,,,,,(212) 877-7206,"127 West 82nd Street - BsmtNew york, NY 10024",,1/1/1988,[],"['Mr. Jeff Sanyour, President']",{'Fax Numbers': ['(212) 877-8597']},{},['Home Improvement']
Stan Economic Construction Corp.,,,,,,(212) 673-8095,"161 East 23rd StreetNew York, NY 10010",,1/1/1988,['Economic Plumbing Construction Corp.'],"['Mr. Stanley Grey, President']","{'Fax Numbers': ['(212) 673-8095'], 'Phone Numbers': ['(212) 475-5410']}",{},['Home Improvement']
Designed Concept of N.Y Inc.,,,,,,(888) 889-7072,"20 West 21st Street- 8th Fl.New York, NY 10010-6940",,,[],"['Shujen Yu, Owner']",{},{},['Home Improvement']
Cityproof Corp.,http://www.cityproof.com,,,,,(888) 889-7072,"10-11 43rd AvenueLong Island City, NY 11101",,1/1/1960,[],"['Mr. Michael Damelin, President']","{'Fax Numbers': ['(718) 786-2713'], 'Phone Numbers': ['(718) 786-1600', '(718) 786-2158']}",{},['Home Improvement']
"The Handyman, Inc.",,,,,,(212) 496-0123,"207 W. 85th StreetNew York, NY 10024",,,[],"['Mr. Allen Sires, Owner']",{},{},['Home Improvement']
Contemporary Home Collection,,,,,,(212) 496-0123,"1621 First AvenueNew York, NY 10028",,,[],[],{},{},['Home Improvement']
Dexterity Inc.,,,,,,(212) 534-5296,"165 East 87th StreetNew York, NY 10128",,,[],"['Mr. David Shem, Owner']",{},{},['Home Improvement']
Work At Home Jobs Warehouse,,,,,,(212) 534-5296,"222 W. 86th StreetNew York, NY 10001",,,[],[],{},{},['Home Improvement']
Scott/Bavosa Construction Corp.,,,,,,(212) 645-1772,"36 West 20th Street 9th FloorNew York, NY 10011",,,[],"['Mr. Robert J Scott, Owner']",{},{},['Home Improvement']
DiCarlo Kitchen-New York Home,,,,,,(212) 929-7600,"32 W. 20th StreetNew York, NY 10011",,1/1/1990,"['DiCarlo Kitchen Corp.', 'New York Home', 'DiCarlo Kitchen', 'Carolyn DiCarlo Group']","['Ms. Carolyn Di Carlo, President']",{'Fax Numbers': ['(212) 229-1940']},{},['Home Improvement']
Natrona Furniture LLC,,Partnership,,,,(212) 929-7600,"32 West 20th StreetNew York, NY 10011",,3/1/2006,[],"['Mr. Austin Nagel, Owner']","{'Fax Numbers': ['(212) 255-7641'], 'Phone Numbers': ['(212) 404-7649', '(212) 929-7600']}",{},['Home Improvement']
"ZMK Group, Inc.",http://www.zmkgroup.com,Corporation,,,,(212) 252-1400,"26 W 20th St # 2New York, NY 10011",,1/1/1993,[],"['Mr. Zachary Kaplan, President']",{'Fax Numbers': ['(212) 252-0838']},{},"['Home Improvement', 'General Contractor', 'Construction Services']"
"Temple Contracting, Inc.",,,,,,(212) 691-8032,"20 West 20th Street Room 1001New York, NY 10011",,1/1/1992,[],"['Mr. James Tribe, Owner']","{'Fax Numbers': ['(212) 691-8564'], 'Phone Numbers': ['(212) 533-1094']}",{},['Home Improvement']
NY Loft LLC,http://www.nyloft.net,Corporation,,,,(212) 206-7400,"6 West 20th StreetNew York, NY 10011",,7/1/2002,[],[],{'Fax Numbers': ['(212) 206-9070']},{},"['Home Improvement', 'Bathroom Design']"
Sharp Renovations,,,,,,(212) 721-1608,"138 West 87th Street #4RNew York, NY 10024",,,['John A. Sharp'],"['Mr. John A Sharp, Owner']",{},{},"['General Contractor', 'Home Improvement']"
"Di Martini, Inc",,,,,,(212) 585-0290,"81-19 189th StreetHollis, NY 11423",,,[],[],{},{},['Home Improvement']
Tishman Alexander Management & Leasing Corp,,,,,,(212) 490-9400,"708 Third AvenueNew York, NY 10017",,1/1/2000,['Alexander Builing Services'],"['Mr. Richard Alexander, Owner']",{'Fax Numbers': ['(212) 289-9027']},{},['Home Improvement']
Chelsea Builders Corp.,,,,,,(212) 675-8696,"139 West 19th Street Apt 3ENew York, NY 10011-4106",,1/1/1999,[],"['Mr. Richard Smith, Owner']",{},{},['Home Improvement']
"Bandler, Christian K.",,,,,,(212) 475-0035,"34 Gramercy Park East Apt. 6BRNew York, NY 10003",,,[],"['Mr. Christian K Bandler, Owner']",{},{},['Home Improvement']
Alexander Rodriguez,,,,,,(212) 686-5009,"10 Waterside Plaza -# 25 ENew York, NY 10010",,,[],"['Mr. Alexander Rodriguez, Owner']",{},{},['Home Improvement']
Martin Albert Interiors,,,,,,(212) 673-8000,"9 E. 19th StreetNew York, NY 10003",,,[],[],{},{},['Home Improvement']
"Cityspree, Inc.",,,,,,(888) 822-2489,"1350 6th AvenueNew York, NY 10019",,,[],[],{},{},['Restaurants']
Eleven Madison Park,,,,,,(212) 889-0905,"11 Madison AvenueNew York, NY 10105",,,['11 Madison Park'],[],{},{},['Restaurants']
Il Gattoparado,,Partnership,,,,(212) 889-0905,"33 West 54th StreetNew York, NY 10019",,11/1/2001,['33 W 54th Street LLC'],"['Mr. Francesco Sorrentino, General Manager']","{'Fax Numbers': ['(212) 246-3332'], 'Phone Numbers': ['(212) 246-0412', '(212) 256-0412']}",{},['Restaurants']
"Remi Restaurant, Inc.",,,,,,(212) 581-4242,"1325 Avenue of the AmericasNew York, NY 10019",,,[],"['Mr. Francesco Antonucci, Owner']",{},{},['Restaurants']
China Grill Restaurant,,,,,,(212) 333-7788,"60 West 53rd StreetNew York, NY 10019-6106",,,[],[],{},{},['Restaurants']
Seppi's,,Corporation,,,,(212) 708-7444,"123 West 56th StreetNew York, NY 10019",,1/1/1998,[],"['Mr. Claude Solliard, Owner']",{'Fax Numbers': ['(212) 397-1963']},{},['Restaurants']
Mangia,,,,,,(212) 708-7444,"50 W. 57th StreetNew York, NY 10019",,,[],[],"{'Phone Numbers': ['(212) 647-0200', '(212) 582-5882']}",{},['Restaurants']
Mangia,https://mangia.nyc,,,,,(212) 708-7444,"422 Madison AveNew York, NY 10017-1131",,1/1/1981,[],"['Mr. Sasha Muniak, President']","{'Fax Numbers': ['(212) 593-2281'], 'Phone Numbers': ['(212) 754-7600', '(212) 980-6363']}",{},"['Restaurants', 'Caterer']"
Danku,http://www.danku.com,,,,,(212) 888-3777,"47 West 57th StreetNew York, NY 10019",,,[],[],{},{},['Restaurants']
Topaz Thai,http://www.topazthai.com/Topaz_Thai/Home.html,,,,,(212) 957-8020,"127 West 56th StreetNew York, NY 10019",,,[],[],{},{},['Restaurants']
Nobu 57,https://www.noburestaurants.com/fifty-seven/home/,Limited Liability Company (LLC),,,,(212) 757-3000,"40 57th Street Suite BNew York, NY 10019-4001",,6/30/2005,[],"['Mr. Bryan Shinohara, General Manager']",{},{},['Restaurants']
Etrusca Cucina Toscana,,,,,,(212) 757-3000,"125 W 53rd StreetNew York, NY 10019",,,[],[],{},{},['Restaurants']
AbleKitchen.com,http://www.ablekitchen.com/,Corporation,,,,(212) 757-3000,"25 West 56th StreetNew York, NY 10019-3902",,10/9/2013,[],"['Mr. Jacob Stefansky, Owner']",{},{},['Restaurant Equipment']
Between the Bread,http://www.betweenthebread.com,Corporation,,,,(212) 765-1840,"244 West 54th Street, Suite 615New York, NY 10019-5515",,1/1/1979,"['B.T.B. Events & Celebrations, Inc.']","['Ms. Ricky Eisen, President', 'Mr. Jon Eisen, Partner']","{'Phone Numbers': ['(212) 765-1687', '(212) 765-1796']}",{},"['Caterer', 'Restaurants']"
Union Square Hospitality Group,http://www.ushgnyc.com,Corporation,,,,(212) 228-3585,"24 Union Square East, 6th FloorNew York, NY 10003-3201",,1/1/1985,"['Union Square Cafe', 'Gramercy Tavern', 'Cafe 2', 'Terrace 5', 'Jazz Standard', 'The Modern', 'Maialino', 'North End Grill', 'Marta', 'Porchlight', 'Untitled', 'Studio Cafe', 'Blue Smoke']","['Mr. Danny Meyer, CEO', 'Mr. Sabato Sagaria, Chief Restaurant Officer', 'Ms. Ashley Campbell, CFO']","{'Phone Numbers': ['(212) 243-4020', '(212) 477-0777'], 'Website Addresses': ['http://www.gramercytavern.com/', 'http://www.unionsquarecafe.com/']}",{},['Restaurants']
Taco Dumbo,https://www.tacodumbo.com/,,,,,(917) 261-6283,"19 W 52nd StNew York, NY 10103",,,[],[],{},{},['Restaurants']
Union Square Hospitality Group,http://www.ushgnyc.com,Corporation,,,,(212) 228-3585,"24 Union Square East, 6th FloorNew York, NY 10003-3201",,1/1/1985,"['Union Square Cafe', 'Gramercy Tavern', 'Cafe 2', 'Terrace 5', 'Jazz Standard', 'The Modern', 'Maialino', 'North End Grill', 'Marta', 'Porchlight', 'Untitled', 'Studio Cafe', 'Blue Smoke']","['Mr. Danny Meyer, CEO', 'Mr. Sabato Sagaria, Chief Restaurant Officer', 'Ms. Ashley Campbell, CFO']","{'Phone Numbers': ['(212) 243-4020', '(212) 477-0777'], 'Website Addresses': ['http://www.gramercytavern.com/', 'http://www.unionsquarecafe.com/']}",{},['Restaurants']
Bombay Palace,,,,,,(212) 541-7777,"30 W. 52nd St.New York, NY 10019",,,[],[],{'Fax Numbers': ['(212) 262-9664']},{},['Restaurants']
Tuscany Steakhouse,,,,,,(212) 757-8630,"117 West 58th StreetNew York, NY 10019-1557",,,[],[],{},{},['Restaurants']
21 Club,,,,,,(212) 582-7200,"21 West 52nd StreetNew York, NY 10019-6101",,,[],[],{},{},['Restaurants']
Bice Restaurant,,,,,,(212) 688-1999,"7 East 54th StreetNew York, NY 10022",,,[],[],{},{},['Restaurants']
Benash Delicatessan,,,,,,(212) 265-1818,"857 Seventh AvenueNew York, NY 10019",,,[],[],{},{},['Restaurants']
Carnegie Delicatessen & Restaurant,,,,,,(212) 757-2245,"605 Washington AveCarlstadt, NJ 07072-2901",,,[],[],{},{},['Restaurants']
Park Cafe,,,,,,(212) 315-4567,"861 7th Ave.New York, NY 10019",,1/1/1985,[],"['Mr. Christos Ayerkiou, President']","{'Fax Numbers': ['(212) 664-1110'], 'Phone Numbers': ['(212) 315-4568']}",{},['Restaurants']
Molyvos,https://www.molyvos.com/,Corporation,,,,(212) 582-7500,"871 7th AveNew York, NY 10019-3923",,1/1/1997,['Agora Restaurant Corp'],"['Mr. Paul McLaughlin, Managing Partner']",{},{},['Restaurants']
Cafe Oliviero,http://cafeolivieronyc.com/,,,,,(212) 582-1902,"850 7th AvenueNew York, NY 10019-5230",,,[],[],{},{},['Restaurants']
China Regency,,,,,,(212) 247-6440,"850 7th Ave, Suite 1New York, NY 10019",,,[],[],{},{},['Restaurants']
Rosa Mexicano,http://www.rosamexicano.com,,,,,(212) 397-0666,"846 Seventh Avenue, 4th FloorNew York, NY 10019",,,[],[],"{'Phone Numbers': ['(212) 753-7407', '(212) 977-7700']}",{},['Restaurants']
"Capitol Q Restaurants, LLC",,,,,,(212) 277-5620,"152 West 57th StreetNew York, NY 10019",,,[],[],{},{},['Restaurant Management']
Joe's Pier 52,,,,,,(212) 245-6652,"163 West 52nd StreetNew York, NY 10019",,1/1/1968,[],"['Ms. Jane Smith, President']",{},{},['Restaurants']
Trattoria Dell'Arte,,,,,,(516) 245-9800,"900 Seventh AvenueNew York, NY 10019",,,[],[],{},{},['Restaurants']
Pick a Bagel,,,,,,(212) 957-5151,"200 West 57th St.New York, NY 10019",,,[],[],{},{},['Restaurants']
810 Deli Cafe,,,,,,(212) 957-5151,"810 Seventh AvenueNew York, NY 10019",,,[],[],{},{},['Restaurants']
NYY Steak,http://www.nyysteak.com/manhattan,Limited Liability Company (LLC),,,,(646) 307-7910,"7 W 51st StNew York, NY 10019-6910",,11/6/2008,[],[],{},{},['Restaurants']
"Marriott International, Inc.",https://www.marriott.com,Corporation,,,,(301) 380-3000,"10400 Fernwood RdBethesda, MD 20817-1102",,5/20/1927,"['J W Marriott Hotel', 'Marriott Corporation', 'Renaissance Hotel', 'Gaylord National Resort and Convention Center', 'Starwood Hotels & Resorts Worldwide Inc', 'Courtyard by Marriott', 'Marriott Courtyard', 'Marriott ExecuStay', 'Marriott Conference Centers', 'Mayflower Hotel', 'TownePlace Suites By Marriott', 'Courtyard Washington Convention Center', 'Residence Inn', 'Springhill Suites', 'Fairfield Inn & Suites', 'Edition Hotels', 'Autograph Collection Hotels', 'AC Hotels', 'Protea Hotels', 'MOXY Hotels', 'Delta Hotels and Resorts', 'Marriott Executive Apartments', 'The Ritz-Carlton', 'Starwood Hotels', 'St. Regis', 'The Luxury Collection', 'W Hotels', 'Sheraton', 'Marriott Residence Inn', 'Aloft Hotels', 'Marriott Worldwide Reservation Center', 'Marriott Customer Engagement Center', 'Westin Hotels and Resorts', 'Four Points by Sharaton', 'W Philadelphia']","['Mr. David Ellis, General Manager', 'Mr. Christian Mari, General Manager', 'Mr. Rich Casale, Customer Relations Specialist', 'Mr. Jack Haggerty, Customer Relations Specialist', 'Ms. Kimberly A. Neyba, Public Relations Director', 'Ms. Barbara Coleman, General Manager', 'Ms. Deanne Howard, Ceo', 'Mr. Arne Sorenson, President', 'Mr. Jay Patel, Owner']","{'Fax Numbers': ['(801) 832-4328', '(570) 343-5121'], 'Phone Numbers': ['(610) 260-9444', '(703) 413-5500'], 'Website Addresses': ['http://www.marriott.com', 'http://www.gaylordnational.com']}",{},"['Hotels', 'Restaurants']"
Rothmann's Steakhouse and Grill,http://www.rothmanns54.com,,,,,(212) 319-5500,"3 East 54th StreetNew York, NY 10022",,,[],[],{},{},['Restaurants']
Le Bernadin,http://www.le-bernardin.com,,,,,(212) 554-1515,"155 West 51st StreetNew York, NY 10019",,,[],[],{},{},['Restaurants']
Prunelle Restaurant,,,,,,(212) 759-6410,"18 East 54th StreetNew York, NY 10022",,,[],"['Jacky G Ruette, President']",{},{},['Restaurants']
Papillon Bistro & Bar,http://www.papillonbistro.com,,,,,(212) 754-9006,"22 E 54th StreetNew York, NY 10022",,1/1/2005,[],"['Mr. Jose Lopez, General Manager', 'Mr. Frank McCole, Co-Owner', 'Mr. Tommy Burke, Co-Owner']",{'Fax Numbers': ['(212) 754-9012']},{},['Restaurants']
Serafina Broadway,,,,,,(212) 315-1700,"210 West 55th StreetNew York, NY 10019",,,[],[],{},{},['Restaurants']
PHD Terrace,http://www.phdterrace.com/,,,,,(646) 756-2044,"210 W 55th StNew York, NY 10019-5467",,,[],[],{},{},['Restaurants']
Ruth’s Chris Steak House,,,,,,(212) 245-6900,"148 W 51st StNew York, NY 10019-6813",,,[],[],{},{},['Restaurants']
Chinese Fast Wok,,,,,,(212) 645-6888,"230 Seventh AvenueNew York, NY 10111",,,['Chinese Chicken Inc.'],[],{},{},['Restaurants']
City Market,,,,,,(212) 572-9800,"551 Madison AvenueNew York, NY 10022",,,[],[],{},{},['Restaurants']
Solo Restaurant,http://solo.primehospitalityny.com,,,,,(212) 833-7800,"550 Madison AveuneSony AtriumNew York, NY 10022",,,[],[],{'Fax Numbers': ['(212) 697-7878']},{},['Restaurants']
Della Nona Corporation,,,,,,(212) 582-3000,"135 West 50th St.New York, NY 10020",,1/1/1997,['Bocca Restaurant'],"['Mr. E. Rae, President']","{'Fax Numbers': ['(212) 582-3499'], 'Phone Numbers': ['(212) 302-4644']}",{},['Restaurants']
Qdoba Mexican Grill,http://www.qdoba.com,Corporation,,,,(858) 766-4889,"9330 Balboa AveSan Diego, CA 92123-1516",,9/16/2008,[],"['Ms. Linda Lang, CEO', 'Ms. Celest Gomez, Guest Relations Supervisor']","{'Fax Numbers': ['(720) 898-2396', '(858) 571-2101'], 'Phone Numbers': ['(480) 961-3408', '(800) 500-5225']}",{},['Restaurants']
B.E. Rock Corp.,,,,,,(858) 766-4889,"30 Rockefeller PlazaNew York, NY 10112",,1/1/1985,"['Rainbow Room', 'Rainbow']","['Mr. Joseph H. Baym, President']","{'Phone Numbers': ['(212) 632-5100', '(212) 632-5125']}",{},['Restaurants']
Hard Rock Cafe,,,,,,(212) 489-6565,"221 West 57th StreetNew York, NY 10019",,1/1/1971,[],"['Mr. Arthur Levitt III, President']",{'Phone Numbers': ['(212) 459-9320']},{},['Restaurants']
subway sandwiches,,,,,,(212) 489-6565,"509 Madison Avenuestore #25292new york, NY 10154",,,[],[],{},{},['Restaurants']
The Prime Burger,,,,,,(212) 759-4729,"5 East 51st streetNew York, NY 10022",,,[],"['Mr. Anthony DiMiceli, Manager']",{'Phone Numbers': ['(212) 759-4730']},{},['Restaurants']
Tad's Steaks,,,,,,(212) 767-8348,"761 7th AveNew York, NY 10019-6807",,,[],[],{},{},['Restaurants']
Mint Green Cleaning,,Corporation,,,,(800) 590-3107,"715 45th StBrooklyn, NY 11220-1507",,10/29/2014,[],[],"{'Phone Numbers': ['(646) 572-9100', '(212) 461-3155']}",{},['Cleaning Services']
Iguana New York,http://www.iguananyc.com/,,,,,(212) 765-5454,"240 W 54th StNew York, NY 10019-5502",,,[],[],{},{},['Restaurants']
Cosi,https://www.getcosi.com,Corporation,715,,,(617) 951-9999,"500 Rutherford Avenue Suite 100Charlestown, MA 02129-1662",,1/1/1996,"['Cosi Sandwich Bar', 'Cosi, Inc.']","['Ms. Melissa Curry, Compliance Manager', 'Mr. Andrew Berger, CEO']","{'Phone Numbers': ['(908) 543-9045', '(617) 952-7922']}","{'Facebook': 'https://www.facebook.com/getcosi', 'Twitter': 'https://twitter.com/get_cosi', 'Pinterest': 'https://www.pinterest.com/CosiRestaurants/', 'LinkedIn': 'https://www.linkedin.com/company/cosi/'}","['Coffee Shop', 'Restaurants', 'Sandwich', 'Breakfast']"
Fresco by Scotto,,,,,,(617) 951-9999,"34 East 52nd StreetNew York, NY 10022",,,[],[],{},{},['Restaurants']
Between the Bread,http://www.betweenthebread.com,Corporation,,,,(212) 765-1840,"244 West 54th Street, Suite 615New York, NY 10019-5515",,1/1/1979,"['B.T.B. Events & Celebrations, Inc.']","['Ms. Ricky Eisen, President', 'Mr. Jon Eisen, Partner']","{'Phone Numbers': ['(212) 765-1687', '(212) 765-1796']}",{},"['Caterer', 'Restaurants']"
"Del Frisco's Of New York, LLC",https://delfriscos.com/,,,,,(212) 575-5129,"1221 6th AvenueNew York, NY 10020-1001",,,[],[],{},{},['Restaurants']
Osteria Serafina,http://www.serafinarestaurant.com/,,,,,(212) 832-8888,"35 East 58th StreetNew York, NY 10021",,,[],[],{},{},['Restaurants']
Ellens Stardust Diner,http://www.Ellensstardustdiner.com,,,,,(212) 956-5151,"1650 BraodwayNew York, NY 10019",,1/1/1995,['1650 Broadway Assoc.'],"['Ms. Ellen H. Storm, Owner']",{},{},['Restaurants']
Ellens Stardust Diner,http://www.Ellensstardustdiner.com,,,,,(212) 956-5151,"1650 BraodwayNew York, NY 10019",,1/1/1995,['1650 Broadway Assoc.'],"['Ms. Ellen H. Storm, Owner']",{},{},['Restaurants']
Iroha Japanese Restaurant,,,,,,(212) 398-9049,"142 West 49th StreetNew York, NY 10019",,1/1/1978,['Shin Japanese Restaurant'],"['Mr. Kotaro Asakawa, President']",{},{},['Restaurants']
Manting,,,,,,(646) 921-7777,"150 W 49th StNew York, NY 10019-6819",,,[],[],{},{},['Restaurants']
Benares Indian Restaurant,http://www.benaresnyc.com,,,,,(212) 397-0707,"240 West 56th StreetNew York, NY 10019-4306",,,[],[],{},{},['Restaurants']
"Proclean Maintenance Systems, Inc.",http://www.pc-ms.com,Corporation,,,,(212) 618-6387,"79 Alexander Ave Ste B16Bronx, NY 10454-4409",,1/26/2010,[],"['Mr. Wellington Deleon, President', 'Mr. Roy Deleon, Vice President']",{'Fax Numbers': ['(877) 784-2471']},{},"['Cleaning Services', 'Commercial Cleaning Services']"
54 Below LLC,http://54below.com/,Limited Liability Company (LLC),,,,(646) 476-3551,"254 West 54th StreetBasementNew York, NY 10019-5516",,6/5/2012,[],[],{'Phone Numbers': ['(212) 302-5559']},{},"['Restaurants', 'Night Club']"
Tao Restaurant,http://www.taorestaurant.com/,,,,,(646) 476-3551,"42 East 58th StreetNew York, NY 10022",,,[],[],{},{},['Restaurants']
Macaron Cafe,http://www.macaroncafe.com,,,,,(212) 465-0510,"New York, NY 10018",,,[],[],{},{},['Restaurants']
Mars 2112,,,,,,(212) 582-2112,"1633 BroadwayNew York, NY 10019",,,['1633 Broadway Mars Restaurant Corp.'],[],{},{},['Restaurants']
Wild Red Onion/Pacific Echo,,,,,,(212) 582-2112,"242 W. 56th st.New York, NY 10019",,,[],[],{},{},['Restaurants']
Szechuan Gourmet,,,,,,(212) 265-2226,"242 West 56th StreetNew York, NY 10019",,,[],[],{},{},['Restaurants']
AJ Maxwells,http://www.ajmaxwells.com,Corporation,,,,(212) 265-2226,"57 West 48th StreetNew York, NY 10020",,5/1/2005,[],"['Mr. Lenny Passarelli, President']","{'Fax Numbers': ['(212) 262-6208'], 'Phone Numbers': ['(212) 262-6200']}",{},['Restaurants']
New Wing Wah Restaurant,,,,,,(212) 391-8121,"60 W. 48th Street, 2nd FloorNew York, NY 10036",,,[],[],{},{},['Restaurants']
Spice Grill,,,,,,(212) 221-3005,"48 W 48th StNew York, NY 10036-1703",,,[],[],{},{},['Restaurants']
Sofia Italian Grill,http://sofiany.com/,,,,,(212) 262-6200,"42 West 48 StreetNew York, NY 10019-1701",,,[],[],{},{},['Restaurants']
New York Kimchi,http://www.newyorkkimchi.com,,,,,(212) 335-0212,"16 W 48th StreetNew York, NY 10001",,,[],[],{},{},['Restaurants']
Les Halles,,,,,,(212) 679-4111,"New York, NY 10016-8405",,1/1/1990,"['La Boucherie, Inc.']","['Mr. Jose Mereilles, President']",{},{},['Restaurants']
Tonic Sports Bar & Restaurant,,,,,,(212) 382-1059,"727 7th AvenueNew York, NY 10019",,,[],[],{},{},['Restaurants']
BOS Bar-B-Q and Noodle Shop,,,,,,(212) 582-8887,"930 8th Ave.New York, NY 10019",,,[],[],{},{},['Restaurants']
Chai Midtown West,,,,,,(212) 707-8778,"930 8th AveNew York, NY 10019",,,[],[],{},{},['Restaurants']
Lenny's,http://www.lennysnyc.com/main.asp,,,,,(212) 956-1080,"940 8th AvenueNew York, NY 10019",,,[],[],{},{},['Restaurants']
Indikitch,http://indikitch.com/,,,,,(646) 918-7778,"940 8th AveNew York, NY 10019-4287",,,[],[],{},{},['Restaurants']
Roy Rogers Inc.,,,,,,(212) 397-9505,"944 Eighth AvenueNew York, NY 10019",,1/1/1989,['944 8th Avenue Corp.'],"['Mr. Walter Epstein, Owner']",{'Phone Numbers': ['(212) 397-9512']},{},['Restaurants']
McDonald Corp.,,,,,,(212) 397-9505,"946 8th AvenueNew York, NY 10106",,,[],[],{},{},['Restaurants']
China Gourmet,,,,,,(212) 246-8181,"877 8th AvenueNew York, NY 10019-5761",,,[],[],{},{},['Restaurants']
Guy & Gallard,http://guyandgallard.com/,Limited Liability Company (LLC),,,,(212) 221-8087,"245 West 38th St., 4th FloorNew York, NY 10018-4509",,1/1/1998,[],"['Mr. Tarek Ahmed, CEO']","{'Phone Numbers': ['(212) 302-1028', '(212) 730-0010']}",{},"['Coffee and Tea', 'Restaurants', 'Caterer']"
Philippe Restaurant,http://www.philippechow.com,,,,,(866) 415-1683,"33 East 60th StreetNew York, NY 10022",,,[],[],{},{},['Restaurants']
Maid First House Cleaning Service,http://www.maidfirst.com,,,,,(212) 920-7872,"71 W 47th St Ste 1005New York, NY 10036-2819",,7/5/2014,[],[],{},{},['Cleaning Services']
Da Marino,http://www.damarino.com,Corporation,,,,(212) 541-6601,"220 West 49th StreetNew York, NY 10019",,1/21/1996,['220 West Restaurant Corp.'],[],{'Fax Numbers': ['(212) 757-4618']},{},['Restaurants']
Da Marino,,,,,,(212) 541-6601,"220 West 49th StreetNew York, NY 10019",,,[],[],{},{},['Restaurants']
Pasquale's Da Marinos,http://www.damarino.com,Corporation,,,,(212) 541-6601,"220 W. 49 streetNew York, NY 10019-7562",,,[],[],{},{},['Restaurant Management']
Dervish Turkish Restaurant,http://www.dervishrestaurant.com,,,,,(212) 997-0070,"146 West 47th StreetNew York, NY 10036",,,[],[],{},{},['Restaurants']
Toloache Restaurant,,,,,,(212) 581-1818,"251 West 50th StreetNew York, NY 10019",,,[],[],{},{},['Restaurants']
Mangia,https://mangia.nyc,,,,,(212) 581-1818,"422 Madison AveNew York, NY 10017-1131",,1/1/1981,[],"['Mr. Sasha Muniak, President']","{'Fax Numbers': ['(212) 593-2281'], 'Phone Numbers': ['(212) 754-7600', '(212) 980-6363']}",{},"['Restaurants', 'Caterer']"
Mangia,,,,,,(212) 581-1818,"50 W. 57th StreetNew York, NY 10019",,,[],[],"{'Phone Numbers': ['(212) 647-0200', '(212) 582-5882']}",{},['Restaurants']
Etoile Restaurant,,,,,,(212) 750-5656,"109 East 56th StreetNew York, NY 10022-2661",,,"['109 East 56th Street, LLC']",[],{'Fax Numbers': ['(212) 750-8050']},{},['Entertainer']
Vi and coffee Shop,,,,,,(212) 750-5656,"673 Madison Ave.New York, NY 10021",,,[],[],{},{},['Restaurants']
Just Salad,,,,,,(212) 244-1111,"320 Park AvenueNew York, NY 10022",,,[],[],{},{},['Restaurants']
Le Reve,http://lerevenyc.com/,,,,,(212) 759-7777,"125 East 54th StreetNew York, NY 10022",,,[],[],{},{},['Restaurants']
Lebat Bar,,,,,,(212) 307-7228,"311 West 57th StreetNew York, NY 10019",,,"['Le Bar Bat', 'La Bar Bat']",[],{},{},['Restaurants']
Utsav,,,,,,(212) 575-2525,"1185 Avenue of AmericasNew York, NY 10036",,,[],[],{},{},['Restaurants']
Famous Daves Times Square,http://www.famousdaves.com,,,,,(212) 764-1899,"171 W 47th StreetNew York, NY 10036",,,[],[],{},{},['Restaurants']
Aureole,,,,,,(212) 319-1660,"34 East 61st StreetNew York, NY 10021",,1/1/1987,['61 Restaurant Corp.'],"['Mr. Steve Tzolis, President']",{'Fax Numbers': ['(212) 750-8613']},{},['Restaurants']
El Nido's Italian Cuisine,,,,,,(212) 319-1660,"314 West 52nd StreetNew York, NY 10019",,,[],[],{},{},['Restaurants']
Porter House New York,,,,,,(212) 319-1660,"10 Columbus Cir Ste 4New York, NY 10019-1210",,,[],[],{},{},['Restaurants']
Cafe Cello,,,,,,(212) 764-8701,"48 West 46th StreetNew York, NY 10036",,,[],[],{},{},['Restaurants']
El Tequilazo,,,,,,(212) 768-0991,"43 West 46th StreetNew York, NY 10036",,,[],[],{},{},['Restaurants']
Via Brasil Restaurant,,,,,,(212) 997-1158,"34 W 46th StNew York, NY 10036-4520",,,['Via Brasil Inc.'],[],{},{},['Restaurants']
Subway,http://www.subway.com,,,,,(212) 838-0917,"135 E 54th StreetNew York, NY 10022",,,[],[],{},{},['Restaurants']
McDonalds,,,,,,(212) 697-8148,"14 East 47th St.New York, NY 10017",,,[],[],{},{},['Restaurants']
Argentine Pavillion,,,,,,(212) 697-8148,"32 West 46th StreetNew York, NY 10036",,,[],[],{},{},['Restaurants']
China Moon,,,,,,(212) 207-4787,"7 East 47th StreetNew York, NY 10017",,,[],[],{},{},['Restaurants']
Astro Restaurant,http://astrorestaurant.com/,,,,,(212) 489-6284,"1361 6th AveNew York, NY 10019-3811",,,[],[],{},{},['Restaurants']
Serafina Restaurant Group,http://www.serafinarestaurant.com,,,,,(646) 368-1110,"1740 BroadwayNew York, NY 10019",,,[],[],{},{},['Restaurants']
Sall Restaurant and Lounge,https://www.sallrestaurantny.com,,,,,(212) 601-2643,"818 10th AveNew York, NY 10019",,,[],[],{},{},['Restaurants']
Lagos Restaurant and Lounge,https://www.lagosnyc.com/,,,,,(212) 281-0500,"727 7th AveNew York, NY 10019",,,[],[],{},{},['Restaurants']
Patsy's Italian Restaurant,http://Patsys.com,,,,,(212) 247-3491,"236 W 56th StNew York, NY 10019-4306",,,[],[],{},{},['Restaurants']
Connolly’s Pub & Restaurant,,,,,,(212) 489-0271,"43 W 54th StNew York, NY 10019",,,[],[],{},{},['Restaurants']
Crispin’s Restaurant and Bar,https://crispinsrestaurant.com/,Limited Liability Company (LLC),,,,(212) 265-2755,"764 10th AveNew York, NY 10019-5001",,6/19/2020,"[""Crispin's LLC"", ""Crispin's""]","['Miss Sabrina S Gao, Co-owner']",{},{},['Restaurants']
"The Olive Group Management , LLC",https://www.toddenglish.com/,Limited Liability Company (LLC),15,,,(617) 242-9715,"222 Lewis WharfBoston, MA 02110-3927",,1/1/1989,"['Tuscany', 'Bluezoo', 'Bonfire', 'Ca Va Brasserie', 'Todd English Food Hall', 'Todd English P.U.B.', 'Todd English Enterprises', 'The Olive Group', 'Figs', 'Olives']","['Mr. Todd English, President']","{'Fax Numbers': ['(617) 242-1333'], 'Website Addresses': ['https://www.swandolphinrestaurants.com/bluezoo/', 'https://www.toddenglishpub.com/']}","{'Facebook': 'https://www.facebook.com/ChefToddEnglish', 'Twitter': 'https://twitter.com/cheftoddenglish', 'LinkedIn': 'https://www.linkedin.com/in/todd-english-0255045'}","['Restaurant Management', 'Restaurants']"
Fogo de Chão Brazilian Steakhouse,https://fogodechao.com/,,,,,(212) 969-9980,"40 W 53rd StNew York, NY 10019",,,[],[],{},{},['Restaurants']
Sugarfish,https://sugarfishsushi.com/?,,,,,(646) 630-8293,"1740 Broadway Frnt 1New York, NY 10019",,,[],[],{},{},['Restaurants']
Soho Park,,,,,,(212) 757-4667,"832 8th AveNew York, NY 10019",,,[],[],{},{},['Restaurants']
Empanada Mama,https://www.empmamanyc.com/,,,,,(212) 698-9008,"765 9th AveNew York, NY 10019",,,[],[],{},{},['Restaurants']
Ippudo,http://www.ippudony.com,,,,,(212) 388-0088,"65 Fourth AvenueNew York, NY 10003",,,[],[],{},{},['Restaurants']
Nobu Group LLC,https://noburestaurants.com,,,,,(212) 388-0088,"40 W 57th St Ste 320New York, NY 10019",,,[],[],{},{},['Restaurants']
Yakitori Totto,http://www.tottonyc.com/,,,,,(212) 245-4555,"251 W 55th StNew York, NY 10019",,,[],[],{},{},['Restaurants']
Rosie O'Grady's,http://www.rosieogradys.com/index.php,,,,,(212) 582-2975,"800 7th AvenueNew York, NY 10019-5810",,,[],[],{},{},['Restaurants']
Bold Food LLC,http://boldfood.net/,Corporation,,,,(212) 460-0928,"1140 Broadway, Suite 1203New York, NY 10001-7504",,1/1/1991,[],"['Mr. Laurence Kretchmer, Managing Partner', 'Mr. Bobby Flay, Partner']","{'Phone Numbers': ['(212) 265-9700', '(631) 382-9590'], 'Website Addresses': ['http://baramericain.com/nyc/', 'http://bobbysburgerpalace.com/']}",{},['Restaurants']
Zora's Cafe,https://zorascafe.com/,,,,,(212) 757-5888,"712 9th AvenueNew York, NY 10019-7330",,,[],[],{},{},['Restaurants']
Ardesia Wine Bar,https://www.ardesia-ny.com/,,,,,(212) 247-9191,"510 W 52nd StNew York, NY 10019-5283",,,[],[],{},{},['Restaurants']
Yong Kang Street,http://yongkangstreetnyc.com/,,,,,(212) 765-8777,"1000 8th AveNew York, NY 10019",,,[],[],{},{},['Restaurants']
Hen Penny,https://www.hen-penny.com/,,,,,(646) 791-5219,"1695 BroadwayNew York, NY 10019",,,[],[],{},{},['Restaurants']
Black Iron Burger,https://www.blackironburger.com/,,,,,(212) 447-1106,"250 W 54th StNew York, NY 10019",,,[],[],{},{},['Restaurants']
Sophie's Cuban Cuisine,http://www.sophiescuban.com/,,,,,(212) 382-2226,"262 W. 38th St. Room 1604New York, NY 10018",,,"['SCCF, LLC']",[],"{'Phone Numbers': ['(212) 809-7755', '(212) 608-6769']}",{},['Restaurants']
Todd English Food Hall,,,,,,(212) 986-9260,"One West 59th StreetNew York, NY 10019",,,[],[],{},{},['Restaurants']
"Blockhead's Burritos, Inc.",http://www.blockheads.com/,,,,,(212) 986-9260,"104 E 121st StNew York, NY 10035-2812",,,[],[],"{'Phone Numbers': ['(212) 307-7029', '(917) 388-3534']}",{},['Restaurants']
McDonalds,,,,,,(221) 212-2125,"1651 BroadwayNew York, NY 10019",,,[],[],{},{},['Restaurants']
Empire Steak House,http://www.empiresteakhousenyc.com/,,,,,(212) 586-9700,"237 W 54th StNew York, NY 10019-5589",,,[],[],{},{},['Restaurants']
PizzArte,https://www.pizzarteny.com/,,,,,(212) 247-3936,"69 W 55th StNew York, NY 10019",,,[],[],{},{},['Restaurants']
Cancun,,,,,,(212) 307-7307,"937 8th AveNew York, NY 10019",,,[],[],{},{},['Restaurants']
Majestic Delicatessen,http://majesticdeli.com/,,,,,(212) 581-8249,"200 W 50th StNew York, NY 10019-6804",,,[],[],{},{},['Restaurants']
Thalia,http://restaurantthalianyc.com/,,,,,(212) 399-4444,"828 8th AveNew York, NY 10019",,,[],[],{},{},['Restaurants']
Taco Bell,,,,,,(332) 877-3855,"840 8th AveNew York, NY 10019",,,[],[],{},{},['Restaurants']
Da Tommaso Ristorante,https://www.datommaso8th.com/,Corporation,,,,(212) 265-1890,"903 8th AvenueNew York, NY 10019",,9/20/1988,"['Toparo, Inc.']",[],{},{'Facebook': 'https://www.facebook.com/117411171611090'},['Restaurants']
Mamasita Bar and Grill,https://www.mamasitanyc.com/,,,,,(212) 315-9444,"818 10th AveNew York, NY 10019",,,[],[],{},{},['Restaurants']
Bad Roman,http://www.badromannyc.com,Limited Liability Company (LLC),,,,(212) 970-2033,"10 Columbus CircleNew York, NY 10019",,4/12/2022,"['Pomodoro On The Park, LLC']",[],{},{},['Restaurants']
Hyatt Hotels Corp.,http://www.hyatt.com,Corporation,,,,(312) 750-1234,"71 S Wacker Dr # 1000Chicago, IL 60606-4716",,9/27/1957,"['Hyatt House across from Universal Orlando Resort', 'Park Hyatt Chicago', 'Hyatt International Corporation', 'Hyatt Residential Group', 'Hyatt Hotels', 'Hyatt', 'Hyatt Place Chicago/River North', 'Hyatt Rosemont', 'Hyatt Centric the Loop Chicago', 'Hyatt Chicago Magnificent Mile', 'Hyatt Deerfield', 'AP Aim Deerfield Tenant LLC', 'Hyatt Lisle', 'Hyatt Corporation', 'Hyatt Hotels & Resorts', 'Hyatt House Chicago/Naperville/Warrenville', 'CPX Warrenville ES OPAG LLC', 'Hyatt Place', 'Hyatt House Chicago/Schaumburg', 'Hyatt Place Chicago/Naperville/Warrenville', 'Hyatt Regency Chicago', 'Hyatt Regency', 'Hyatt Regency-Woodfield', 'Hyatt Regency Suites on Michigan Avenue', ""Hyatt Regency O'Hare"", 'The Hyatt Lodge', 'Hyatt Regency McCormick Place', 'Hyatt Place Chicago-South/University Medical Center', 'Hyatt Place Chicago/Downtown-The Loop', 'Hyatt Place Chicago/Hoffman Estates', 'Hyatt Place Chicago/Itasca', 'Hyatt Place Chicago/Midway Airport']","['Kelly Barnicle, Specialist, Digital Strategy - eDistribution', 'Scott Miller, -President', 'Mr. Thomas J Pritzker, President', 'Mr. Andrew Eck, General Mgr', 'Bruce Flyer, Manager', 'Jim Edgar, Director of Sales and Marketing', 'Rachel Burrows, Director of Sales', 'Norm Canfield, General Manager', 'Mr. Beth Ashley, Director of Sales', 'Mark Schalla, General Manager', 'Mr. Roger Hartman, Assistant General Manager', 'Ms. Heather Wehling', 'Tanya Gawel, Director of Sales', 'Dana McCarter, General Manager', 'Ms. Gretchen Spear, General Mgr', 'Mr. Tom Pagels, General Manager', 'Mr. Keith Hess, General Mgr', 'Mr. Sal Gsalioto, Controler', 'Mr. John E. Orr, Regional Vice President', 'Mr. Gabe Castrillon, President', 'Mr. Rusty Middleton, General Manager', 'Mr. Craig Harvey, Marketing Manager', 'Liz Jaquez, Marketing Manager', 'Michael Panko, Sales & Mrktng Manager', 'Mr. Tom Pagles, General Mgr']","{'Fax Numbers': ['(312) 755-1601', '(847) 597-4506'], 'Phone Numbers': ['(402) 593-5150', '(312) 755-1600'], 'Website Addresses': ['http://parkchicago.hyatt.com/', 'http://Hyatt.Com']}",{},"['Hotels', 'Restaurants', 'Fitness Center', 'Caterer', 'Spa', 'Resort', 'Private Pool', 'Wedding Supplies', 'Private Golf Courses', 'Wedding Consultant', 'Banquet Facilities', 'Hotel Reservation', 'Conference Center']"
Hyatt Hotels Corp.,http://www.hyatt.com,Corporation,,,,(312) 750-1234,"71 S Wacker Dr # 1000Chicago, IL 60606-4716",,9/27/1957,"['Hyatt House across from Universal Orlando Resort', 'Park Hyatt Chicago', 'Hyatt International Corporation', 'Hyatt Residential Group', 'Hyatt Hotels', 'Hyatt', 'Hyatt Place Chicago/River North', 'Hyatt Rosemont', 'Hyatt Centric the Loop Chicago', 'Hyatt Chicago Magnificent Mile', 'Hyatt Deerfield', 'AP Aim Deerfield Tenant LLC', 'Hyatt Lisle', 'Hyatt Corporation', 'Hyatt Hotels & Resorts', 'Hyatt House Chicago/Naperville/Warrenville', 'CPX Warrenville ES OPAG LLC', 'Hyatt Place', 'Hyatt House Chicago/Schaumburg', 'Hyatt Place Chicago/Naperville/Warrenville', 'Hyatt Regency Chicago', 'Hyatt Regency', 'Hyatt Regency-Woodfield', 'Hyatt Regency Suites on Michigan Avenue', ""Hyatt Regency O'Hare"", 'The Hyatt Lodge', 'Hyatt Regency McCormick Place', 'Hyatt Place Chicago-South/University Medical Center', 'Hyatt Place Chicago/Downtown-The Loop', 'Hyatt Place Chicago/Hoffman Estates', 'Hyatt Place Chicago/Itasca', 'Hyatt Place Chicago/Midway Airport']","['Kelly Barnicle, Specialist, Digital Strategy - eDistribution', 'Scott Miller, -President', 'Mr. Thomas J Pritzker, President', 'Mr. Andrew Eck, General Mgr', 'Bruce Flyer, Manager', 'Jim Edgar, Director of Sales and Marketing', 'Rachel Burrows, Director of Sales', 'Norm Canfield, General Manager', 'Mr. Beth Ashley, Director of Sales', 'Mark Schalla, General Manager', 'Mr. Roger Hartman, Assistant General Manager', 'Ms. Heather Wehling', 'Tanya Gawel, Director of Sales', 'Dana McCarter, General Manager', 'Ms. Gretchen Spear, General Mgr', 'Mr. Tom Pagels, General Manager', 'Mr. Keith Hess, General Mgr', 'Mr. Sal Gsalioto, Controler', 'Mr. John E. Orr, Regional Vice President', 'Mr. Gabe Castrillon, President', 'Mr. Rusty Middleton, General Manager', 'Mr. Craig Harvey, Marketing Manager', 'Liz Jaquez, Marketing Manager', 'Michael Panko, Sales & Mrktng Manager', 'Mr. Tom Pagles, General Mgr']","{'Fax Numbers': ['(312) 755-1601', '(847) 597-4506'], 'Phone Numbers': ['(402) 593-5150', '(312) 755-1600'], 'Website Addresses': ['http://parkchicago.hyatt.com/', 'http://Hyatt.Com']}",{},"['Hotels', 'Restaurants', 'Fitness Center', 'Caterer', 'Spa', 'Resort', 'Private Pool', 'Wedding Supplies', 'Private Golf Courses', 'Wedding Consultant', 'Banquet Facilities', 'Hotel Reservation', 'Conference Center']"
Robert Diebold,,,,,,(312) 750-1234,"apt 1 142w. 118th stny, NY 10019",,,[],[],{},{},['Cleaning Services']
Della Nona Corporation,,,,,,(212) 582-3000,"135 West 50th St.New York, NY 10020",,1/1/1997,['Bocca Restaurant'],"['Mr. E. Rae, President']","{'Fax Numbers': ['(212) 582-3499'], 'Phone Numbers': ['(212) 302-4644']}",{},['Restaurants']
Fresh & Co.,https://www.freshandco.com/location/569-lexington-ave/,,,,,(212) 223-2670,"569 Lexington AveNew York, NY 10022",,,[],[],{},{},['Restaurants']
HomeClean NYC,https://homecleaningservice.nyc,,,,,(212) 203-6095,"445 Park AvenueNew York, NY 10022",,,[],"['Ms. Iryna Shevchenko, CEO']",{},{},['Cleaning Services']
Margon Restaurant,,,,,,(212) 203-6095,"136 West 46th streetNew York, NY 10036",,,[],[],{},{},['Restaurants']
Fo Ying Restaurant,,,,,,(212) 489-5008,"811 8th AvenueNew York, NY 10019",,,[],[],{},{},['Restaurants']
Kung Fu Little Steamed Buns Ramen,http://www.kfdelicacy.com,,,,,(917) 388-2555,"811 8th AveNew York, NY 10019-7418",,,[],[],{},{},['Restaurants']
Opia Bar-Restaurant,,,,,,(917) 388-2555,"130 East 57th St.New York, NY 10010",,,[],[],{},{},['Restaurants']
Maria Pia,,,,,,(917) 388-2555,"319 W 51st St,New York, NY 10019",,,[],[],{},{},['Restaurants']
Blue Fin Restaurant,http://www.bluefinnyc.com,,,,,(212) 918-1400,"1567 BroadwayNew York, NY 10012-1517",,,[],[],{},{},['Restaurants']
Havana Central,http://www.havanacentral.com,,,,,(212) 398-7440,"151 West 46th StreetNew York, NY 10036-8512",,,[],[],{'Fax Numbers': ['(212) 398-7449']},{},['Restaurants']
Le Marais,,,,,,(212) 398-7440,"150 West 46th StreetNew York, NY 10036",,,[],[],{},{},['Restaurants']
Just Salad,http://justsalad.com/,,,,,(212) 244-1111,"663 Lexington AvenueNew York, NY 10022-3636",,,[],[],{},{},['Restaurants']
Food Exchange Cafe and Market,,,,,,(212) 759-0656,"120 E. 59th St.New York, NY 10019",,,[],[],{},{},['Restaurants']
Rene Pujol,,,,,,(212) 246-3023,"321 West 51st StreetNew York, NY 10019",,1/1/1970,['Rene Pujol Restaurant Francais'],"['Ms. Nicole Franque, Partner']",{},{},['Restaurants']
Products 4 Less,,,,,,(212) 246-3023,"235 West 48th StreetNew York, NY 10036",,,[],[],{},{},"['Cleaning Services', 'Internet Service']"
La Primavera Restaurant,,,,,,(212) 586-2797,"234 West 48th StreetNew York, NY 10036",,1/1/1989,"['Bombay 48th Street, Inc.']","['Mr. Gino Colantonio, President']",{'Fax Numbers': ['(212) 974-3922']},{},['Restaurants']
Nello's,,,,,,(212) 980-9099,"696 Madison AvenueNew York, NY 10021",,,[],[],{},{},['Restaurants']
Azza,,,,,,(212) 980-9099,"135 East 55th streetNew York, NY 10022",,,[],[],{},{},['Restaurants']
Pongsri Thai Restaurant Corp.,,,,,,(212) 582-3392,"244 West 48th StreetNew York, NY 10036",,1/1/1980,[],"['Mr. Prasit Tang, President']",{'Fax Numbers': ['(212) 765-8816']},{},['Restaurants']
Braai,,,,,,(212) 315-3315,"329 West 51 StreetNew York, NY 10019",,,[],[],{},{},['Restaurants']
The Supper Club,,,,,,(212) 921-1940,"240 West 47th StreetNew York, NY 10019",,,[],"[""Mr. Dan O'Dea, Unknown""]",{},{},['Restaurants']
Feinsteins @ Lowes Hotel,http://feinsteinsattheregency.com,,,,,(212) 921-1940,"540 Park AveNew York, NY 10065",,,[],[],{},{},['Restaurants']
Oxford Cafe,,,,,,(212) 826-0302,"591 Lexington AveNew York, NY 10022",,,[],[],{},{},['Restaurants']
FIKA 52 & Lex,http://www.fikanyc.com/,,,,,(917) 475-1450,"600 Lexington AveNew York, NY 10022-6000",,,[],[],{},{},['Restaurants']
Subway Sandwiches,,,,,,(212) 750-5575,"717 Lexington AvenueNew York, NY 10022",,,[],[],{},{},['Restaurants']
The Bar Room,http://www.thebarroomnyc.com/,,,,,(212) 561-5523,"117 East 60th StreetNew York, NY 10022-1120",,,[],[],{},{},['Restaurants']
Le Relais de Venise L'Entrecote,http://www.relaisdevenise.com/newyork/,,,,,(212) 758-3989,"590 Lexington AvenueNew York, NY 10154-3301",,,[],[],{},{},['Restaurants']
Gourmet Park,,,,,,(212) 935-8500,"119 East 60th StreetNew York, NY 10022",,,[],[],{},{},['Restaurants']
Park Italian Gourmet Inc.,,,,,,(212) 382-0580,"60 West 45th StreetFrnt 1New York, NY 10036-4207",,,[],[],{},{},['Restaurants']
"Marriott International, Inc.",https://www.marriott.com,Corporation,,,,(301) 380-3000,"10400 Fernwood RdBethesda, MD 20817-1102",,5/20/1927,"['J W Marriott Hotel', 'Marriott Corporation', 'Renaissance Hotel', 'Gaylord National Resort and Convention Center', 'Starwood Hotels & Resorts Worldwide Inc', 'Courtyard by Marriott', 'Marriott Courtyard', 'Marriott ExecuStay', 'Marriott Conference Centers', 'Mayflower Hotel', 'TownePlace Suites By Marriott', 'Courtyard Washington Convention Center', 'Residence Inn', 'Springhill Suites', 'Fairfield Inn & Suites', 'Edition Hotels', 'Autograph Collection Hotels', 'AC Hotels', 'Protea Hotels', 'MOXY Hotels', 'Delta Hotels and Resorts', 'Marriott Executive Apartments', 'The Ritz-Carlton', 'Starwood Hotels', 'St. Regis', 'The Luxury Collection', 'W Hotels', 'Sheraton', 'Marriott Residence Inn', 'Aloft Hotels', 'Marriott Worldwide Reservation Center', 'Marriott Customer Engagement Center', 'Westin Hotels and Resorts', 'Four Points by Sharaton', 'W Philadelphia']","['Mr. David Ellis, General Manager', 'Mr. Christian Mari, General Manager', 'Mr. Rich Casale, Customer Relations Specialist', 'Mr. Jack Haggerty, Customer Relations Specialist', 'Ms. Kimberly A. Neyba, Public Relations Director', 'Ms. Barbara Coleman, General Manager', 'Ms. Deanne Howard, Ceo', 'Mr. Arne Sorenson, President', 'Mr. Jay Patel, Owner']","{'Fax Numbers': ['(801) 832-4328', '(570) 343-5121'], 'Phone Numbers': ['(610) 260-9444', '(703) 413-5500'], 'Website Addresses': ['http://www.marriott.com', 'http://www.gaylordnational.com']}",{},"['Hotels', 'Restaurants']"
Qdoba Mexican Grill,http://www.qdoba.com,Corporation,,,,(858) 766-4889,"9330 Balboa AveSan Diego, CA 92123-1516",,9/16/2008,[],"['Ms. Linda Lang, CEO', 'Ms. Celest Gomez, Guest Relations Supervisor']","{'Fax Numbers': ['(720) 898-2396', '(858) 571-2101'], 'Phone Numbers': ['(480) 961-3408', '(800) 500-5225']}",{},['Restaurants']
Club Macanudo,http://www.clubmacanudo.com,,,,,(212) 752-8200,"26 E 63rd StNew York, NY 10065-8030",,,[],[],{'Fax Numbers': ['(212) 752-7770']},{},['Restaurants']
Wolfgang's Steakhouse,http://www.wolfgangssteakhouse.net/,Corporation,,,,(212) 889-3369,"4 Park AvenueNew York, NY 10016-5339",,1/1/2004,[],[],{'Phone Numbers': ['(212) 490-8300']},{},['Restaurants']
Cafe Manhattan,http://www.cafemanhattan.com,,,,,(212) 921-1515,"35 West 45th StreetNew York, NY 10036-4903",,,[],[],{},{},['Restaurants']
Jiku Inc.,,,,,,(212) 869-3638,"554 5th AvenueFloor 3New York, NY 10036",,,[],[],{},{},['Restaurants']
FreeFoods NYC,http://freefoodsnyc.com/,,,,,(212) 302-7195,"18 West 45th StreetNew York, NY 10036-4261",,,[],[],{},{},['Restaurants']
Sophie's Cuban Cuisine,http://www.sophiescuban.com/,,,,,(212) 382-2226,"262 W. 38th St. Room 1604New York, NY 10018",,,"['SCCF, LLC']",[],"{'Phone Numbers': ['(212) 809-7755', '(212) 608-6769']}",{},['Restaurants']
Nouvelle Catering,,,,,,(212) 207-3737,"144 East 52nd StreetNew York, NY 10022",,,[],[],{},{},['Restaurants']
Brazil Grill,http://www.thebrazilgrill.com,,,,,(212) 307-9449,"787 8th AvenueNew York, NY 10036-7011",,,[],[],{},{},['Restaurants']
AnTalia,http://www.antalianyc.com/,,,,,(212) 307-9449,"17 West 45th StreetNew York, NY 10036",,,[],[],{},{},['Restaurants']
Tom's Coffee Shop,,,,,,(212) 246-5357,"360 West 55th StreetNew York, NY 10019",,,"[""Tom's Gourmet Cafe""]","['Mr. M. Sultan Malik, President']","{'Fax Numbers': ['(212) 582-3510'], 'Phone Numbers': ['(212) 246-5713', '(917) 517-7473']}",{},['Restaurants']
Le Cirque Restaurant,http://www.lecirque.com/,,,,,(212) 644-0202,"151 East 58th StreetNew York, NY 10022",,,[],[],{},{},['Restaurants']
The View Resturant and Lounge,http://www.theviewny.com,,,,,(212) 704-8900,"1535 BroadwayNew York, NY 10018",,,[],[],{},{},['Restaurants']
NYC Restaurant Corp,http://nycrestaurant.com,,,,,(212) 395-9400,"7 West 45th StreetNew York, NY 10036",,,[],[],{'Fax Numbers': ['(917) 591-1020']},{},['Marketing Programs']
Rich and Famous Deli,,,,,,(212) 333-7424,"1841 BroadwayNew York, NY 10023",,,[],[],{},{},['Restaurants']
Bond 45,http://www.bond45ny.com,,,,,(212) 869-4545,"New York, NY 10036-1409",,,[],[],{},{},['Restaurants']
Bond 45,http://www.bond45ny.com,,,,,(212) 869-4545,"New York, NY 10036-1409",,,[],[],{},{},['Restaurants']
Bond 45,http://www.bond45ny.com,,,,,(212) 869-4545,"New York, NY 10036-1409",,,[],[],{},{},['Restaurants']
The National Bar and Dining Rooms,http://www.thenationalnyc.com/,,,,,(212) 715-2400,"557 Lexington AvenueNew York, NY 10022-7512",,,[],[],{'Fax Numbers': ['(212) 715-2530']},{},['Restaurants']
B. Smith's Restaurant,,,,,,(212) 247-2222,"771 8th AvenueNew York, NY 10030",,1/1/1986,['Le Femme Noire Inc.'],"['Ms. Barbara Smith, Owner']",{},{},['Restaurants']
El Papasito Restaurant,,,,,,(212) 265-2225,"370 W. 52nd St.New York, NY 10019",,,[],[],{'Phone Numbers': ['(212) 265-2227']},{},['Restaurants']
The New York Smith & Wollensky,https://www.smithandwollenskynyc.com/,Limited Liability Company (LLC),,,,(212) 753-1530,"797 3rd AveNew York, NY 10022-6226",,1/1/1977,"['Quality Branded Group', 'Fourth Wall Restaurants LLC']","['Mr. Michael Stillman, President & Founder, Quality Branded', 'Mr. Alan Stillman, Founder']",{'Website Addresses': ['https://www.qualitybranded.com/']},{},['Restaurants']
Maria's Mont Blanc Restaurant Corp.,http://www.montblancrestaurant.com/,,,,,(212) 582-9648,"315 West 48th StreetNew York, NY 10036-1326",,,[],[],{'Fax Numbers': ['(212) 582-9642']},{},['Restaurants']
Bar Bacon,http://www.barbacon.com/,,,,,(212) 969-9970,"836 9th AveNew York, NY 10019-5554",,,[],[],{},{},['Restaurants']
New Taco Express,http://www.newtacoexpress.com,,,,,(212) 977-5919,"857 9th AvenueNew York, NY 10036",,,[],[],{},{},['Restaurants']
Kash Kaval,http://pando@cheesedepot.com,,,,,(212) 581-8282,"856 Ninth AvenueNew York, NY 10017",,1/1/1999,['Natura Foods'],"['Pandelaki Andonopulo, Unknown']","{'Fax Numbers': ['(212) 397-0151'], 'Phone Numbers': ['(212) 397-6151']}",{},['Restaurants']
Mother Burger,http://www.motherburger.com/,,,,,(212) 757-8600,"329 West 49th StreetNew York, NY 10019-7316",,,[],[],{},{},['Restaurants']
